ID,BlendProperty1,BlendProperty2,BlendProperty3,BlendProperty4,BlendProperty5,BlendProperty6,BlendProperty7,BlendProperty8,BlendProperty9,BlendProperty10
1,0.16582471753529057,0.3255152257151134,1.212696772363023,0.06748586931772434,0.03413658087122101,0.18154540001199213,1.1982259560645314,0.637456058479656,-0.25131829561063,0.25233050913339006
2,-1.1814624068605475,-0.7253300924868132,-2.65365189517613,-0.9141555729893664,-1.3333683419027926,-0.7569247646863506,-2.6347857196680513,-1.7723168234432958,-0.12078505707736974,-0.1742776792323589
3,2.871285774391485,2.3423257177184187,2.196926235191972,2.4805657472311458,1.2268300610500145,2.0362982801787575,2.183925497975974,2.325295094159595,1.595146626557922,3.681009616198838
4,-0.6302746815524343,0.4152853599655908,0.6497460264218216,0.46916414832458936,1.5265955312290687,0.5557398324161938,0.6119608143142783,0.9995262342511075,0.41448488502020187,-1.4912498100916167
5,0.4852453135486188,0.32169212211665293,2.0516438542899365,-0.21325475810563868,1.7850342681938842,-0.1778846018126678,2.0840864251548163,0.7273512583939421,-1.0711986692195485,1.2253136357433407
6,-2.606008475044252,-2.190788723065416,-0.4090106415545244,-2.014946201920871,-0.2830090770776787,-2.0212657129904734,-0.41822186122789295,-1.6245577961256625,-1.926191683873288,0.22885719543139268
7,1.8485156046401885,0.19110509508540946,0.04086690196871663,0.26479175242591096,-0.23229929986054865,0.23606146299516062,0.011990463820363485,0.0732089539908998,0.44567389340329444,0.7087645945269376
8,3.35599230767071,2.2177502261041004,0.9120020436174305,2.4713116959723607,-0.12812603904562403,1.7862632025360397,0.9244543681097167,1.6679491308279657,1.8466791855245441,1.43420662214139
9,2.507897166080028,2.1749215092781613,0.9206449374529877,2.374162027690758,-0.23700461878922688,1.994617476022182,0.9125799575463713,1.5720740364165529,1.826620813652514,1.394680491142808
10,-1.411579872117652,-1.1451439782090882,-2.5418145150043934,-1.371599296935434,-0.9242704909657317,-1.0856475804802346,-2.516863912559935,-1.6435099140140155,-0.4390522743811942,-1.805461850529269
11,0.12712216398556148,0.5678643309117193,1.840691574004821,0.46676332468706205,1.5913832525621663,0.42068264962679003,1.8160243922860393,0.9789193179248677,-0.07021188579484514,1.5601446613563859
12,2.7826615026413357,0.16538670967865343,1.6939165403243877,0.02282792256572838,1.1660287714550763,0.42147524315574714,1.6489632715126266,0.6765577526140136,-0.3897694396738992,1.7030871876884424
13,0.9346671997282544,1.4033095960301205,1.18957409210118,1.5300442885460162,-0.414547565241995,1.0860414459443346,1.1942374616881306,1.162661279821652,0.8004975552740456,2.7525332398084483
14,-0.22022836411705576,-0.5366109357805064,1.074823225619645,-0.687901388273693,1.5536904186474896,-0.5044107079802125,1.0347908960831642,0.2838956421113521,-0.7921617737738005,-0.6536508404426054
15,0.8759250041334519,2.35047113598781,1.394555098300176,2.398498394507711,-0.05867549097265701,2.035598670943581,1.4249690884413346,2.0520398727539098,1.8463631759765375,-0.48820011090312654
16,-0.17442856816342336,-0.5878393105929578,-0.05110006684220275,-0.48881715785424074,-0.10059820666014999,-0.34680636261728026,-0.05185901890650411,-0.2792308093752943,-0.3378492377601443,0.14995076414328234
17,-2.4383960914999467,-1.462248529779064,-0.550890153101794,-1.7975814465550952,-0.3078213673957041,-1.3420050799195864,-0.5569827256913132,-1.3737554693587555,-1.595984528049181,-2.2212260904305774
18,-0.5812564578240476,-0.0004574580547453133,0.13459043935963771,0.11144301372859591,0.08773941651761907,0.22607903531196155,0.14677458577028363,0.43739381816639444,0.18583672725343625,-1.408171566957711
19,0.27183096371265403,0.30160997832867414,2.025418938453282,-0.08238744635127278,1.8833943954187073,-0.0521303313971678,2.012031265777175,0.6630367499383933,-1.139244504504937,1.273277863644083
20,-1.3986641140706961,-1.7263756472061487,0.009631772274710702,-1.4905125716888996,0.06847368901903039,-1.1965444095130668,0.006915212376558557,-0.5890333557196774,-1.4659894562284899,-2.064018686527695
21,0.19138970862255478,-2.0256170672781693,0.8958821833545438,-1.6948124839512702,1.7514441586182987,-1.3678905074578056,0.8301912760395775,-0.30882617546849045,-1.5655055972198149,0.7536388497762747
22,0.6453450625809422,1.4846156069441294,1.4127477152879395,1.9098721363211646,1.333545155772507,1.0402640600840272,1.3975601618463482,1.7813678684683631,1.3376600325258432,3.265902518942912
23,1.5718075146916863,1.8835495599800485,1.9611406292115792,1.9386259816179277,1.2928645524869329,1.6256911601709678,1.9793828001451779,2.1560033180796268,1.1801356860620964,2.2002729099504514
24,0.11801009704000268,0.11982352193592316,0.4344198776048962,0.3056374407586216,-0.26038629823612003,0.19508982516694764,0.4129102704711459,0.3646407588130265,0.137477653748576,0.5221456058994973
25,-2.5867504953003344,-1.0965767529836674,0.2262589825524949,-1.2948114528257773,-0.3080912460074703,-1.2598004549122792,0.22738104940140974,-0.9007430906257651,-1.3007135326388561,0.46614820346237196
26,-0.5685215828193129,0.2321630039313448,0.25792302780252996,-0.40464869767690387,-0.15367191687627918,0.044174166250030615,0.24364304556919925,-0.06518551332180413,-0.36061070233787695,-1.9706971904948833
27,1.1715713797789205,1.5037712791798945,-0.6954451470243015,1.2479755677924198,-0.5429422983204456,1.2523285200312673,-0.7101010364248987,0.3061076839799148,1.7907759187438876,-1.3304772105515954
28,0.4130423595019055,-0.35128432850032043,0.45339197786871394,-0.4811172224128618,-0.2721348245826361,-0.33181089399543334,0.4512108232370512,-0.22502504682254176,-0.537691941272606,1.3070622589770515
29,-1.5272561873731665,-1.1101737501531617,0.2645292385316671,-1.1784944599824094,-0.4157885034554295,-0.8324394778727785,0.27283649746722416,-1.0598246899436017,-1.3094151261704599,0.4498908244971872
30,-0.35368258770324795,0.019443679759196683,-1.7844907794082843,-0.2515367259218851,-0.8466957888204664,-0.15731254280774182,-1.7759753645574485,-0.7943328482029199,0.3586742084971828,-2.2877311500513557
31,-2.072466989660906,-1.973727056169714,0.8206649667942308,-1.3453524757591044,1.5513789779074252,-1.1089335356083545,0.7865741994334825,-0.5957296331086382,-1.493216658478412,0.7098405187528367
32,-2.2361337710088387,-1.6337515069483124,0.004528879683971004,-1.5048944384618315,-0.0986444212871323,-1.4664359050624007,0.015146720715471643,-1.1353155986016046,-1.821816199005698,0.4323620683042845
33,0.9018621073388202,0.5954252242101413,-0.9158121100876104,0.8756829805978479,-0.36720411017085697,0.66661679667327,-0.9173499189624612,0.09605497220041179,1.314440141206758,-0.31540859106273256
34,1.0578472096835554,1.0280811305192152,1.2456077396743241,0.800039123134271,0.07607664463984698,1.1514902860342575,1.2400982795012152,1.1927531741686843,0.6140631364605829,-0.3950377651006307
35,-1.234550121089153,-0.9593565387046988,0.43367709339119986,-1.167443459087516,-0.3664235419095271,-0.9125388783535676,0.41106087228363003,-1.0611957469686333,-1.2075486417505847,0.47720783648365583
36,2.9261077707316483,1.3112170941917207,1.6144094498723418,1.5747261417806393,1.3858698048873013,1.1692354858849043,1.5901376419480053,1.5387414785743632,0.9841588944694615,1.548707244401296
37,-0.17102626488551798,0.15444009411023069,-0.3739441389881004,0.34174438119578665,-0.4006992210978157,0.11298342011746723,-0.36069692350378757,-0.02856074883974269,0.4446695448727295,-0.3832485986570456
38,0.408079840926079,1.1145317862491566,0.6040101479439539,0.8828751543264657,-0.15863389982691262,0.7930672508819898,0.6263339548058119,0.7824989471621395,0.6190164612428068,-0.39249942978829344
39,-3.626259576729015,-2.481901665921243,-1.2457897504682451,-2.3583753110969417,-0.4084024205433604,-2.341670386115484,-1.2372215106131668,-2.020315110821658,-1.9653900752780036,-0.31089177709139193
40,0.39453315796369626,0.9165013081850681,0.8731312045234856,0.42666789892512186,-0.06281294436166246,0.7791517863821527,0.8749837053310057,0.585843406580816,0.06360359685810096,-0.685012204456644
41,3.151026480460154,2.351445219207024,2.2418289274194,2.610450278509541,1.5267877043701814,2.2381673305931713,2.2848471794390166,2.379284982433197,1.7273558177003763,2.77594780055834
42,3.472781029935046,1.7590926898303287,1.4204142779728466,2.0274827025987605,-0.21553254053718435,1.5177208000704465,1.409884605987324,1.6995561549240508,1.3786243857832936,3.381705472794328
43,-2.88537481359539,-2.031508546643962,-1.7743815304912414,-2.124318914666048,-0.8266481426203949,-1.8159107751966659,-1.7455420583592176,-2.1933919365633376,-1.9593887100612881,-2.6137543658385356
44,1.9201193853492362,1.5416196754364173,0.9312469202585096,1.8962465878997712,0.03024220338502681,1.6302755248364864,0.9369013709603988,1.512561188072288,1.667712945752995,0.8211530936271145
45,-1.0358142661654015,-1.8161844747413296,0.9166022071607544,-1.628857404381449,1.4249508843577177,-1.2680361320358222,0.877524816190471,-0.6530992772346087,-1.4749291654992227,0.7572504497197485
46,0.9473745552113091,1.1671087254270942,-0.4096298816219043,1.2264231155522054,-0.02646319194954186,1.0302715189682476,-0.40627362533215783,1.1611345885549995,1.4638282666770221,-1.421049087301902
47,-2.4505489715675086,-2.3619408145455334,-1.3664972756482165,-2.2297123662901197,-0.7617930074864707,-2.020124703452371,-1.3810793778285526,-2.2119353001979483,-1.6970151474535533,-0.10521143619630767
48,-0.35679470351092807,-0.10227365264451721,-2.050009218366264,-0.2271514103393718,-0.8962348915988063,-0.3078928212407376,-2.018249916519622,-1.0373760029041177,0.34541037078561704,-0.9578640552596885
49,-0.7122394111365554,-0.12108435412157963,1.2572076120630977,-0.14868695004566201,0.15704401748160962,0.008118718223309326,1.2335469328489275,0.6091680098969878,-0.3507268298843958,0.2271533205466499
50,-3.0473367261702577,-2.3510900519132125,-2.738006442980919,-2.55343837485939,-1.1054410636679228,-2.1939947287351003,-2.733932232387593,-2.6802537084526956,-1.7748184704011472,-2.907868603330307
51,4.039886183795701,2.104475498432652,2.3893286213404688,2.2744901045825925,1.3413160354912272,1.9260138608680255,2.3981974949508498,2.1230399805233486,1.1881693948695293,3.193829591849926
52,-0.17746930624240537,1.4679655841981043,1.6281007107145746,0.8906255494849016,1.6240268447853277,1.184633331802488,1.6188754029566401,1.5809971128546834,0.4561922489629229,-1.1935701853888077
53,-0.1668361493545928,0.13463211897417365,-0.7179586032201197,0.11272898817752121,-0.6817731809484713,-0.045357911277330513,-0.7121079018694089,-0.36956020357875763,0.21683541912319376,0.7193155617081538
54,2.5338312972495016,1.5249275925549752,1.1478002958050433,1.7101932700851898,-0.11608826892568934,1.3891642678272658,1.1419363812816652,1.3065206755704972,1.1056154561536675,2.5706366648566545
55,1.382002752701865,0.3888016599564901,0.0734526013488028,0.22854093590027635,-0.39830551930082075,0.10857718789101786,0.06120487210410254,0.13616634396950572,0.14325856616835086,-0.34692565023595917
56,1.089502027909564,1.065512218456211,0.23788639165896178,0.6055349260383686,-0.372750461575579,0.8555227253879298,0.21671638668188115,0.4798353983906303,0.6459931819102205,-0.6365600399134111
57,-0.03536034203728495,0.4395040886877246,1.169815259993893,0.3502834568647102,-0.16818190690557644,0.4128941879993014,1.1581447646687149,0.46994472856245945,-0.03650979294746287,1.6929916207000808
58,-3.0305459011393614,-2.138238346613261,0.710190506777545,-1.1642181344665163,1.7934071362863289,-1.3996482628861573,0.6920039410900227,-0.7173618122232823,-2.0008677465778577,0.6364871587635315
59,-0.6591961757984929,0.6492128151753935,0.18292264280131637,0.26222493279372194,-0.3474433064234215,0.4777155036877353,0.1893451090969694,0.24995755229578542,0.3016658460433456,-1.9862914437125683
60,-1.6057398608922666,-1.8010782078979677,0.7285505685377551,-1.4103666435433095,1.6146501434514982,-1.4788184830438704,0.7203773875903983,-0.5816893424248202,-1.6136575241321327,0.6514703994722391
61,-1.006173790247987,-0.514466068417969,-2.9178424781309453,-0.45298172156001526,-1.1598507103797309,-0.5515978452325161,-2.8811017607739586,-1.508928584592758,0.5532914407998917,-2.2111018278921635
62,-0.05900897899108422,-0.6993584885163167,-0.9443676575746662,-0.4395008022042435,-0.24757804859959476,-0.301155110671626,-0.9506849480033858,-0.3736996422277419,0.022191657945616644,-2.0307650663528864
63,2.5784534789680427,1.6300541549921985,0.9466041330987742,2.054982911233195,-0.24016844088383876,1.558735523534623,0.9334851816818361,1.620298257111145,1.486957171946091,2.47597549923629
64,-0.4450875539575476,-0.6303719070297222,0.7540854055200585,-0.5378790658362295,1.4422482098088105,-0.4915327745439907,0.7065939887201867,0.2000242794068632,-0.7320573275963584,-0.738486634603868
65,-0.71509432103036,-0.3200139856010632,1.34474334727703,-0.7637728837812038,0.0919886470318731,0.009460901529335583,1.336191401168907,0.17365708065910174,-0.9928488607485662,-0.9057085680091645
66,1.004860339746874,-0.34183622649583967,0.29432362515403665,-0.17187278561992078,0.01787254967802837,-0.21536459422951476,0.2722177353749158,0.1456197655949466,-0.23423822729797064,-0.048226492944250646
67,1.971203983072202,1.6339073294229163,1.0604166180949242,2.01129341041094,-0.12370478666687751,1.5948318494514968,1.038319801493337,1.642827439084762,1.6531640955495477,1.8587958831009073
68,-1.8525407678369874,-0.19721691294106802,-1.6044212402854625,-0.4161593657970978,-0.8776490107046802,-0.09264309857393999,-1.5594781938945466,-0.9034864957090625,0.2183240557236107,-1.7383512767972316
69,2.436686799243338,1.536320770366482,1.1588001097231548,1.7600253334822338,-0.31078436088067674,1.6014657281042504,1.1241191337620764,1.2463970558876394,1.2556185020095556,2.940982336091934
70,-0.08580310694175064,-0.7549001009615424,0.514460485835463,-0.8446187813934516,-0.03498148862232098,-0.5212975346989653,0.48088902760731644,-0.31547601133430025,-0.7099263005388153,1.1163271460285829
71,-0.4446600946635761,-1.0596758483542204,-0.09420851116322884,-0.8698366787811944,-0.5299447986146969,-0.858961115223954,-0.10753386445419241,-0.7962382954300662,-0.9159841312791122,1.0744912965509432
72,1.2227826839010345,1.6191384300002842,0.3257737999535206,0.7470712544350044,-0.38806012159900694,1.2180189442410083,0.34321712105815666,0.9109349693924278,0.9310913880768277,-2.12710864025751
73,0.7667995337435638,1.0449576146419055,2.0865330346048774,0.8846629781064126,1.6379704637260597,0.46005590436764165,2.0696646378028993,1.3618597756624156,-0.20972305922416692,1.9312745156172497
74,2.8690840223126393,2.072920137186999,2.09310287410878,2.3645408170258118,1.1535150397154115,2.0031316659959253,2.0790573451802077,2.257964173972887,1.5567442866280854,3.578628858349437
75,1.977023294241242,1.5388337218427721,-0.07459925588797339,1.393777385750452,-0.5811794908425171,1.2350349049756777,-0.09055425570894868,0.6353998918271804,1.3610058025699232,0.46494960120030626
76,-1.7360258679477525,-0.12458786341755668,-0.83109060337624,-0.026465763570669834,-0.2628458749422033,0.061525677022992484,-0.8209997004456975,-0.2625569948493468,0.28468389955753914,-2.133214611325166
77,-1.0620766251792129,-0.5092822999342526,0.13652962572806404,-0.5779851182362254,-0.23430814420236018,-0.4067033664615145,0.12183475311102815,-0.22176655396264633,-0.5048732023541865,-1.0824938971395355
78,1.4132789223702273,1.920248050172466,1.8844426530940868,1.5054152692635485,1.589049272545213,1.6347181287907815,1.8776215227194757,1.9697897099875066,1.0299908160088131,-0.24745765270016223
79,1.4783762569367302,1.6405861384996432,0.9310327580268397,1.991360532986702,-0.07629373244583135,1.526624165171003,0.92633902558486,1.6171454128065554,1.57719984514799,0.9013901153837516
80,1.3377171670582844,0.7640636300861281,-1.7214152155335611,0.7592688720581443,-1.0136256896850473,0.320129425824018,-1.692692939128203,-0.26289026691913603,1.1795395992487705,1.1987167427777106
81,-0.24620716309886448,0.6279116277211594,1.1260600381519483,0.7917528243210452,-0.13679326081986068,0.49415429742331285,1.128977898434864,0.6722688246304918,0.1939482719181299,2.1632959271114323
82,2.5271846517686245,1.472626047551894,1.168382814504133,1.076783775785324,0.09614738328937733,1.1212718944670854,1.1635040288077039,1.1799812538674284,0.6162397685064234,-0.5653600989232446
83,-1.2220375320967165,-0.652545189001125,0.9850419924699609,-1.1134368117200903,0.0729217892391893,-0.618635779483762,0.960760406999338,-0.15334348529030195,-1.308250796519482,0.16981068077164713
84,1.7443502461678477,2.284148136145542,1.5284482819308374,2.116948304212642,-0.059485517688737555,2.0961091863748784,1.5281599533148844,2.1214779938651462,1.584917305979096,0.5549640426580037
85,-0.5648960518142379,-1.579245398290272,-2.823135766627394,-1.5839025785389493,-1.0574165729680642,-1.69502540357459,-2.8096386383897025,-2.474062655319063,-1.0156801484467572,-0.8592085139415948
86,0.969662854461026,-1.9375229984305913,0.8336051379957622,-1.7828257637568847,1.8237633747974968,-1.2320124221413415,0.7653766540757512,-0.44129478921334686,-1.2873304817031732,0.6526560841667424
87,-1.6742124195938954,-1.1754602121496696,0.0914000102901738,-1.1471747834747341,0.12812613586790267,-1.0229458829829343,0.035912209436883634,-0.26529550947557534,-1.1927953489797494,-1.5118936434303638
88,-1.889948467251516,-0.5480779162220126,0.43034777848616096,-0.3136507173903864,0.461794360258026,-0.36075634979395316,0.4311053641472051,0.39270516178318715,-0.40963045809015464,-0.8062897990020366
89,-0.4718263200366787,-0.8181555902316219,0.28692816429432066,-1.1150637615835182,-0.13257350384700953,-0.6212192036710837,0.27107119056345147,-0.6190610154675604,-1.198600697909609,-1.3748648171107414
90,0.4650012815690593,-0.5635281983365035,0.9276865194026533,-0.1995938625171062,1.5178189915296065,-0.19368557867187816,0.9065732653738623,0.12597377967041945,-0.4117563054433784,0.7840750977347253
91,-0.480391383935815,-0.24715161229246546,-0.838836708954303,-0.07048942824281185,-0.1565289492376828,-0.03453904887819738,-0.8444854505254069,-0.17784304147559216,0.2190924870999379,-1.7982746146806443
92,-2.5290044499194324,-1.600685021540914,-0.5394823357873195,-1.646727140229101,-0.3734042094038107,-1.3287597174026233,-0.5443959559897338,-1.4462600884692611,-1.5546706018295868,-1.1483520253928319
93,0.6825274777271628,-0.178267371116535,0.9465610959439353,0.16843836134218765,1.4659454385901731,0.011210889641915509,0.9179413389407136,0.46043819806735997,-0.16050775071203804,0.9335796890703351
94,2.9379127419301554,1.560858421489479,1.6286469344925303,1.7298074296755164,-0.21005236520804216,1.4769951861645105,1.6215648772465028,1.6241982082498185,1.1214155183802788,2.9338300152003063
95,1.9929298651592795,1.287139451980862,-1.1979828059931492,1.2351395158575158,-0.3358244710101825,1.2326095076974397,-1.1837672314267413,0.5562438516183634,1.7396982796534934,-2.1060608211990672
96,-2.621513597570136,-1.7108467959111542,0.44146296176915023,-1.5267714454401964,-0.01686959799716703,-1.275158768424348,0.44827060660641005,-0.6031678213434168,-1.5120469138422328,0.2629944029833282
97,0.9267036436187903,0.14818048022601368,0.9810581438068191,-0.15964881554065435,0.03506970913130325,0.02088193247531407,0.9413127490871731,0.49722668687579463,-0.5483331397285227,-1.1126079334015428
98,-1.3074293791484477,-1.2302134847184023,0.4322825698420962,-1.270030005641209,-0.14390787131193766,-1.1233933883038763,0.41115747130260877,-0.7733918937070907,-1.2868222208646343,0.5654692675393278
99,-0.8288296421368262,-0.7053339573812338,-3.1118924929079057,-0.725999832553676,-1.1758697472374646,-0.7798280125585241,-3.085130649285332,-1.6978176333798283,0.4550368189954755,-2.4449533982701896
100,-0.7718114723386373,-0.06746759470280829,0.31074576629359985,-0.31121833550457556,-0.15823804190624421,-0.2163051817312021,0.2837214340596481,-0.0028100144759151974,-0.5136267317961747,-0.4496421447933897
101,-2.286428330666864,-2.6646219318076643,-2.628617498680576,-2.760586344747928,-1.131154847110415,-2.394848236897657,-2.623099286394475,-3.1010113947305165,-2.1404648702781963,-0.49956514092881743
102,-1.3787150782626467,-0.9806587873907263,-0.7562574966265575,-1.0036149308116555,-0.5134273030241848,-0.8605480297592201,-0.773551958360094,-1.0729042288376414,-0.7924301638413622,0.2624276426976028
103,-3.671436691274697,-2.3264689394942373,-3.0043847724399546,-2.452674563197326,-1.1262331142217605,-2.176733780942313,-2.986508852011319,-2.7334016017744442,-1.8511823355460533,-2.472551840239849
104,-2.2126961307286503,-1.5071443914842444,0.930934376866384,-1.2904613398595681,1.2915671690017818,-0.9266767365672038,0.8928400850193982,-0.07867154760377607,-1.4641853448586937,0.5311713773198361
105,1.0896629721447724,0.20841036741356422,1.1409804438456976,0.28269138132992966,0.025363582736602497,0.2451302011167951,1.1146966304616353,0.65280534013561,0.04194420558087349,1.8215586701587205
106,1.9215552210528606,0.9917659102064502,-2.9948493365080706,0.528744834269037,-1.4149038782720886,0.35708687010063805,-2.9963509708141602,-0.7173838006845273,1.3940688383984097,-1.7442349585293047
107,-1.2123151640699412,-0.9122467250807669,-0.14758862502639952,-1.3050891585901796,-0.33138517097477427,-0.9627364251488346,-0.15060039326319002,-0.8233429145165678,-1.2270390356343555,-1.9210138750604244
108,-1.4960703507340298,-0.42174321494597444,1.0600680180660822,-0.7411265663997613,0.03914813171070769,-0.3617704421412201,1.0539227309541368,-0.024286052814508435,-0.9402765507737112,0.6930534910023205
109,0.5978765234835768,-0.20456875344932873,1.4144082600335939,-0.2889394788624284,0.0033401402068426456,-0.23107149176244918,1.3893058717960343,0.38185271360841444,-0.677902088545173,1.53930454087988
110,1.5198924277936032,1.2421984610169208,-1.1945177705773284,0.942679043764858,-0.7637065100815338,0.9214059821991755,-1.1627110148889255,-0.05365499937081743,1.3783211369519743,-1.1308761448888642
111,0.2428967529814307,0.8983919140616139,1.9297283843665283,0.7520474538384847,1.5168241741390274,0.6107138559319337,1.9164502239650327,1.2764966414278012,0.016743263243005145,2.0631434683124885
112,1.660462582598323,0.9141247714896087,1.2179023418427113,1.1660154746798328,-0.09504758124938983,1.0021149060265016,1.1854760917193352,1.014481969869443,0.7094884149851207,2.7768850198821315
113,0.10931107703903128,-0.28250255154517095,-0.29686051944919184,-0.26069694682480915,-0.11706283888228688,-0.19324941746890262,-0.3068260181667673,-0.2367225695784007,-0.13455704992290476,-1.0788421325690398
114,-0.5046523699815847,-0.8775178952269361,-1.5066005772261808,-1.1612557125787843,-0.7615936470438809,-0.967807648163755,-1.4953124370107633,-1.4570823159664845,-0.8140996568799344,-0.24957745483138255
115,1.7542884057052808,0.9080942884349652,-1.0445200363982614,1.3003494273035747,-0.4946175787692145,0.9070627523370529,-1.0440494271259737,0.22695061184550627,1.8218096636071568,-0.3998559551575027
116,-0.5164415033212247,-0.6332897124902168,-2.14477487813509,-0.835497890466705,-0.9206782739372819,-0.7391438052163566,-2.1019864057958735,-1.2257718144829783,-0.22720332819979888,-1.5664641726006927
117,-0.22431362246996284,0.09068751170418177,-2.8086184212679486,-0.05001732704531893,-1.251809295064433,-0.169602355266599,-2.782312091126906,-1.3373264444829829,0.7875721118013803,-1.0173230064556598
118,-0.19382397925399136,0.2245269831590377,1.0847225145995913,0.23122093007159808,1.5619882375775287,0.29057399666030626,1.0309726884661534,0.8698831793090358,-0.05858311123540818,-0.5334688265866345
119,-1.1592316960047737,-0.3694871735693912,-2.8702177251040064,-0.896061230654341,-1.0189485986086306,-0.6141911122066632,-2.815132573185439,-1.6417109171884565,0.20552039480218234,-2.874780558576603
120,1.6378881765440538,1.1952692081767988,0.850087432931764,0.9573697946911356,-0.23392800094899338,1.0233699926911164,0.8684923835564407,0.7548442742906348,0.5312037990589458,-0.0035256225830704035
121,0.21863340623736816,-0.08052684346520136,0.12019920555505678,0.10358283182234455,-0.1375979957454835,0.013168486828717962,0.09532318164064299,0.23001655102922824,0.08667228774148383,0.2849008144099633
122,-0.8903484909679847,-1.4553999413402332,0.17550898054070768,-1.459418953703831,-0.12812957737885705,-1.228227395213469,0.16120889100415686,-0.9583075813617582,-1.5174850428386153,0.5045756051091828
123,-0.19680230966450274,-0.2987160428853472,-0.8595490951394517,-0.003363119896993151,-0.20321034476720592,-0.019336402753541815,-0.8634353512260418,-0.17656028033763907,0.3448340268309409,-1.800769036434298
124,-0.3222860229439295,-0.8005903393992104,-2.5883444147810133,-1.0594774286455069,-1.0770715671285322,-0.733819627252508,-2.567791238190197,-1.5476738562243133,-0.041326938580798445,-2.2447797277966437
125,-3.461186172337814,-2.959440307468729,-2.670598250997706,-2.7211579322669106,-1.2770197387870053,-2.609542893423727,-2.6337899629389927,-2.9733530236534147,-2.070133198730044,-0.5430220224297354
126,2.0377037527249886,0.3691560961098176,-0.9751482157635172,0.5660611045026951,-0.7138854979696276,0.2622016104662735,-0.9557485062281257,-0.23694391523834749,0.7674583772992779,0.6612987310590371
127,-2.7150517638390492,-2.069339647787609,0.7047636170377845,-1.4444657076125276,1.347052379274241,-1.5193604514682442,0.6771695539317719,-0.4328298700222213,-1.467675456557035,0.7306254470294579
128,0.8609240392932291,0.551599309515702,-1.9392543341606585,0.5632265626156233,-0.7286019438834223,0.37833781401638733,-1.9153727679599704,-0.45081623327815495,1.436494892514239,-1.703407459736718
129,-0.3220263168393728,-1.7807491306147858,0.8186367171192688,-1.577935122186921,1.5827111826774323,-1.363988479002122,0.7672228363808071,-0.624878359897563,-1.5148812656930615,0.7245757983427954
130,2.1740993650664096,2.503421643752568,1.8020898280359714,2.588271304853607,1.465600357625299,2.282197554463131,1.82434904436857,2.3800300939269077,1.872189561469367,-0.40876267811786915
131,3.809911716926696,3.391454404416389,2.354481402126442,3.7391696616766,1.6694323724483167,3.0006174811476716,2.415292918163403,2.895410631946253,2.333159922775618,1.5040151622462412
132,2.6504434342528356,2.7404577240788885,1.3614583950627384,2.4955605215509715,0.10394677885657666,2.5010460091694178,1.3816171718273869,2.0226001655401586,2.1953149292760443,-0.5583726561391291
133,0.588876901022161,1.4187595241025894,-1.0945337038046121,1.0120626252057154,-0.5055799186669961,1.1205352752105644,-1.0369786236893344,0.17862670575639705,1.7836877624467533,-1.9210169297095443
134,-1.5945795282357986,-2.0724517948819807,0.9229273978899369,-1.5020911686846612,1.7475944560811654,-1.5053638918448464,0.8826380777345608,-0.37177832570692315,-1.5643652395714494,0.767376693482233
135,-0.9385868009959719,-0.06073827031510254,-1.4101958691280818,0.04472321320462139,-0.5111701020636322,-0.0043290661234607515,-1.413079349768199,-0.3611102448300783,0.769316574755936,-0.8392948717808655
136,0.9035908782988142,0.3803795121036201,0.8676446534055509,0.7510709675052487,1.4402511040888093,0.5318849077652499,0.8327407252842085,0.9052721635752832,0.4124768104848764,0.03264149747692444
137,-0.3202266535373908,-0.49143856350044446,0.9159877145244151,-0.6039285854438555,-0.05429403047123199,-0.3749142636635071,0.8928792115834157,0.06003627060773287,-0.8643119971124018,1.0077256593547563
138,2.658403226077768,1.349171659055798,0.5438291523309636,1.6789448607088184,-0.355457434620426,1.1176958681110607,0.5164317102493365,1.1362115129507329,1.2377845893035393,2.9510736657463803
139,0.00805552540123981,-0.8832456949160971,0.6443661957068652,-0.6177011618107191,1.3345224039446975,-0.5924124015977912,0.6194197059878951,-0.049177095669885845,-0.7790831431066152,-0.6065256639121651
140,-1.809545027148271,-0.4637358216264354,0.9626886092988891,-0.7866322516396613,-0.06498541747096342,-0.36353486453235634,0.9570825868486278,-0.26161666505316056,-0.8800862542325867,0.6165256066110624
141,0.3706625297910675,0.5010657067982156,-1.2198583716280376,0.7006675915178275,-0.4762572211793009,0.5280043011522961,-1.1906989971651707,0.06947905880540882,1.4516141699041558,-1.7436181020136878
142,-2.1532020294715633,-1.2784697958646194,-2.622874175691356,-1.5116685601338087,-1.193187996380172,-1.5000208846109278,-2.6071414082317412,-2.0679880912227864,-0.7796979824613985,-0.6929093654894192
143,1.710001362560516,1.1431342778812743,1.4197177100362293,1.1033646901976701,-0.16250935447181963,0.9594514583093972,1.413619877024594,0.9796915981172367,0.5905037879036259,1.8602570656909159
144,-0.028266302737537663,-1.4604270109839774,0.02071629123506178,-1.48316914097876,0.23041261742277674,-1.0374501841619834,0.01689209994108619,-0.6443662892211692,-1.3537278821879841,-1.2959223230577834
145,1.191031474439924,1.9910502571465822,0.9981861546536421,2.075302488515117,-0.4305714023524153,1.144372384358048,1.0254955235467105,1.4103373633377476,1.5272555335241118,3.2700387084869478
146,0.029911349720282185,1.2891265180784703,1.0902124838538207,1.092988219971017,-0.06169523028834206,1.0578077398033132,1.0901689544903874,1.1898462953434104,0.6038139313762456,0.3241294745216791
147,0.4381653414029808,0.6157074886944489,0.06941004070613101,0.06244670060559486,-0.19991673792283038,0.4698948693945928,0.0737751690915481,0.11358129363037678,0.13599069098096198,-2.147980613967061
148,2.242272740709195,1.9987873114634755,0.5140488181156269,2.197729967797706,-0.2081591108767318,1.8994250993643347,0.5192840840499633,1.5090990666917206,2.0497078583845796,0.8353486824062877
149,-2.590265007246251,-2.6442304621803334,-2.6255762675700614,-2.677063863596742,-1.2334660907318056,-2.554726013263185,-2.615548532974959,-3.1056976725866017,-2.0667543250326275,-0.47371385174596603
150,2.6591457097531634,1.064044235230782,-1.098437028359438,1.0402830944469943,-0.5985259533836524,0.7873960933072035,-1.1009725228669816,0.38056391138153933,1.603846761060102,-0.8607439257724809
151,-2.108581156368946,-1.2608118668421215,-0.1839567228141651,-1.425552996198939,-0.4908039873345075,-1.2543297766324009,-0.17860176298752803,-1.3441952599715683,-1.2961038185168827,0.15326915712131284
152,-1.8043280932117511,-1.0224639528108272,0.19438802974339564,-0.9960282730176271,-0.04975503075415494,-0.6842763230303232,0.17179069897273003,-0.4424448944042702,-0.9684396560824697,-0.7174328908521258
153,-0.18435625387849164,-0.37594106151411416,-0.9701502005175326,-0.2369607202371677,-0.9280159262028767,-0.5150331302711856,-0.9791697121183788,-0.8750152083179202,0.033470288719147874,1.536313178467455
154,3.1139124121721995,2.3684947738448816,1.219542217963474,2.5323720517591903,0.1567177343211382,1.9668945041012538,1.2038568569386623,2.1826322547460904,2.0338372099035285,0.945789345888199
155,1.9384237940843299,0.5024620206061364,1.3384981114599561,0.5842301050235457,0.13827243095537572,0.43710371847946294,1.3100043268807147,0.9196853523994883,0.1764118634370655,0.9614869869318781
156,1.7676097816200793,0.929791223515589,-0.6096058979646941,1.0828376614164716,-0.3762508660787558,0.6532959455173712,-0.618474533153197,0.431299238241785,1.3097109820588633,1.0118440621705096
157,0.44529380653972217,0.3294933663483437,-0.37042386643511915,0.2480772714623707,-0.6568790674556673,0.23841832593280704,-0.3524802180213195,-0.2712744928773122,0.2977478315284519,1.9955319860136855
158,-1.2587444740059304,-1.0843490824941011,-0.3629300634975249,-0.9094633952965954,-0.25604327176623487,-0.8712472552269106,-0.37762615123647897,-0.7296074929360423,-0.7319602837054746,-0.33074904326257604
159,-0.08029587954105374,0.04897842103370727,0.47963813660492643,-0.31845504554988746,1.5594078000466864,-0.0714478299960983,0.4454480244454841,0.5079121507764974,-0.24226364801621222,-1.9385601728776019
160,2.693242401782273,1.2288038889486061,0.958470305784179,0.8253103432581198,-0.1550445774640744,0.8177200151522774,0.9083108350382572,0.7169078937475437,0.05936250563786148,-0.5840765945144052
161,0.8062640866544368,-0.3642507479580421,-3.040123885234778,-0.567192535218203,-1.0152280178833413,-0.5412223805586711,-3.0281102386442953,-1.5040769391188333,0.778390718387814,-2.749172715241548
162,1.6586243212533103,1.397115471636353,1.3147616154265052,1.621916282798493,-0.2426207708617233,1.175204438421971,1.3103984907802868,1.2305145431675681,0.9947831623639429,2.755787659266079
163,-0.9145854966038947,-0.6115673225210252,1.6376062831241889,-0.786559795280136,1.5522875611403566,-0.5879093338834794,1.5959395372693592,0.12927761634011495,-1.0533160411541338,0.9740646220958256
164,0.5717835850842503,0.08191745054719465,-2.3102020047962557,0.3098866787460085,-0.8559597828496623,0.13421362871676054,-2.2810098542937203,-0.6938116088535871,1.2342260386203598,-1.8407552349977743
165,-1.1155587526852535,-1.4269911064498892,-0.5973055593079081,-1.4702766778072012,-0.0045656383976724335,-1.1351769668110354,-0.5873550305731959,-0.877305705252746,-1.1451694005375526,-2.2834587299491442
166,-1.8732576886181065,-2.263940222196309,-0.5867741651993424,-2.2499386219883717,-0.010724633677681283,-1.67344224462895,-0.5820651249479085,-1.2413714398455262,-1.830391567592218,-2.3841715944259336
167,-0.511681345901362,0.16730230181043199,2.150007643530711,0.019781809722219823,2.173908245284277,0.012999541767263444,2.1366914884794412,0.7642453610592095,-0.6573949926059895,1.1798794846211913
168,0.15497269276892037,-0.19197324203483235,1.3302557579359555,-0.8287743748341212,0.0476428137962554,-0.34283874929857766,1.3286594726179421,0.24333497683690072,-0.8689941627277935,0.5475845940611515
169,0.38907880488172214,0.27170793839844404,-3.08525548519748,0.24547313520129557,-1.3039247423597609,-0.03306121898991597,-3.06537913874799,-1.058224492019187,1.589552628327994,-2.6105852969649517
170,-0.40159211088748303,1.8285346704132146,1.2021482865445483,1.4221150953035937,-0.16903793898535951,1.8120979249775373,1.26744075229842,1.7014665715529214,1.1544651406060904,-1.2494045833481453
171,-0.3594294270341106,-0.6437949102892215,-0.8728104352601518,-0.27631876296383473,-0.29137927698229543,-0.39936070106192345,-0.8971909185987238,-0.5142962391588728,-0.11298621960443798,-1.496110959596205
172,-0.11986828957329479,-0.879887299116608,-2.0589368127286125,-0.7663426671175353,-0.6197819123868896,-0.44229584635446156,-2.065231791701144,-1.2163224593831061,0.06000209006615262,-2.4892247424987106
173,-1.9250754296549426,-0.7179475638216972,0.8685604136150501,-0.5604943568439902,1.4949166020113753,-0.23389964285429116,0.8407694721664383,0.5138683394507914,-0.7757014880275819,-0.6546778698546223
174,-1.1293423862494048,0.27764586581771555,2.007481986313205,-0.15075909274946614,2.281453530345397,0.29897195274409255,1.9730333049577071,0.9795088515516923,-0.6891113414407251,1.1451652606101663
175,-0.8069567391361757,-1.1184182039466557,0.7406201281671598,-0.6055363715381162,0.03767501990222727,-0.7812929165090675,0.7352473280689275,0.052178641012474075,-0.8700597259479943,1.4094592606102112
176,1.783224989677438,1.7112790809965737,2.041164760422365,1.855864685662446,1.2129949684259296,1.4907645403877825,1.9878404225253423,2.109633657417185,1.0143711881224036,2.984851263004019
177,0.3135319203666216,-0.024682069833899083,0.7517027431320753,-0.13966940440919343,-0.2257787169599471,-0.019223304404159286,0.7511039665270289,0.13254737678183676,-0.32213077133055634,1.5662482881827864
178,1.5723803036495019,0.8511454974287846,0.42417872920014044,1.2034135315079197,-0.18729942666626903,0.8903511811251396,0.4211210612689505,0.8761641619397561,0.9874476505857842,1.5400839910889432
179,-1.473057993671679,-0.6750659410166281,1.5981718781399925,-0.8519745140240274,1.5004390194167576,-0.2767695597978629,1.6016128832351493,0.3123742708958427,-1.2204812301123138,0.8794458985993588
180,0.16164241724851885,0.5039948585439686,0.3128926747468823,0.7945824322484103,-0.462493495268289,0.38091269717320125,0.3126492856495764,0.24093365978944511,0.5014144633104978,2.3561767852578486
181,0.7480288944404082,0.6254179696380305,1.9890643055762545,0.4583699916527687,1.378900411626725,0.3158519024347097,1.986056835080021,1.064540308731908,-0.41401587278486823,0.6005900815259462
182,0.2778166507151347,0.22872909129693772,-0.4756896123960592,0.24675010420010596,-0.49732404113606005,0.15252546290347563,-0.4781552535293033,-0.03970159569812167,0.43309925684616146,0.47909771442267807
183,0.9499321085283882,1.337247507611214,1.2336203311697649,1.4952278190430826,-0.155269318119821,1.0529307497977327,1.2319875266342433,1.090308445439426,0.8852734312586643,2.8231126707102456
184,-1.6047882173017878,0.14354054300199048,1.9749206029506972,-0.1742246085779091,2.1890242835774982,0.1604102274649694,1.9390835556077106,0.9636663881287773,-0.528774130374418,1.1492878179735566
185,2.8631577989154415,1.3171710652539987,0.2268345776604091,1.787148645879423,-0.555518762994613,0.909282881125604,0.2168285195107728,0.7574639020154623,1.3512986395347601,3.0519275687405396
186,-0.5078912698148319,-0.7583776375178028,0.556247179667347,-0.9302286742100043,-0.20088620626479137,-0.6476145920110911,0.5238139420450434,-0.5673267531985522,-1.1484823886590996,0.24153558584715284
187,1.2525569489152097,1.3069278680286052,1.2927616812980443,1.6524994868750085,0.06143652496228297,1.319627860019501,1.281693353796659,1.6198054028065028,1.3512322191098936,1.7473045361020685
188,-1.5990851373693697,-0.8531714020248498,-1.844589280140106,-0.7381512696830448,-0.7564258431211243,-0.5639035190180816,-1.8289187833141296,-1.147462431315852,0.06485425339385203,-2.3801523211844584
189,-2.3590069244670997,-2.371664237031892,-1.9425707757224189,-2.3426431945491593,-0.7505209172411955,-1.9917050978436577,-1.9298217684104406,-2.279444259371459,-1.756750943900803,-1.1701583113696983
190,-2.5594764269135193,-1.7818497808982454,-2.757523956635273,-1.919787584560972,-1.2267112973010426,-1.6365329090279555,-2.7400242373225296,-2.397145672618114,-1.0436311592243963,-1.9301747453931561
191,1.7194021947152898,2.835532448976495,1.2508923840808222,2.5248487724275535,-0.14994853319279888,2.2661944701508028,1.2642185501049865,2.0715609658701406,2.241426236198031,-0.40515410382603456
192,4.7170748186247575,2.837778866492836,2.5293761864450826,2.8681361005338504,1.4199228639652113,2.586838393387114,2.557713407540282,2.61731611433574,1.7861200085427495,3.6959135696748
193,0.23346855839435615,0.8516310066366879,0.7644787438174288,0.8992985390969583,1.5602063921549933,0.9167513754523113,0.7719654814850775,1.4301580373931957,0.9691677385935893,-0.6991185021923894
194,1.7423333838888602,0.6022800134776889,0.21544793455420724,0.7873557496209467,-0.28661197160521446,0.5724875542688539,0.19928373197232682,0.5921456861776608,0.6487224159163397,1.8046786214827086
195,-0.2249964515347982,-1.430995938050306,0.8515085822739836,-1.0163417690089822,1.3946268106659963,-0.955185435404958,0.8201698051257654,-0.19335820160451347,-1.2259405978540112,0.8669734808736793
196,1.8999376202539469,1.2662574286411588,1.7436118013729502,1.5189260106068034,0.12164737999536657,1.0534928485494994,1.7294005355008442,1.4586986151329722,0.47759676486505775,0.40560651346528276
197,-0.25683681697444216,-0.6413537976318868,-3.1361437208917042,-1.2087058413231464,-1.2569149454950206,-0.7793963877000408,-3.0865036348136714,-1.7017857410758028,-0.014007984950119623,-2.1525702728731133
198,1.6080063948796788,1.997286021170703,1.5261416560746648,2.2493981311426743,-0.12869917138334272,1.8937389046850477,1.519756234696886,1.9354373529305322,1.588044468740613,2.835700972845401
199,-3.6597043769668494,-2.613599988636022,-1.837054157536401,-2.399003918006913,-0.7698440300760228,-2.53288696163013,-1.8395167537244514,-2.4370178852613016,-1.939462104929977,-0.22577959932120725
200,-0.22817206835867412,-0.28941571168992314,-0.1296968652267169,-0.3940240498675574,-0.55048445951926,-0.2789232570420931,-0.1337380215926491,-0.5708745579738083,-0.37872553359822186,1.110528847137315
201,-2.7831285998641273,-2.475413144989341,-3.1612650643937714,-2.6336299848564364,-1.1559908693401924,-2.097400060334601,-3.144864235310178,-2.9614177944249653,-1.492428715118737,-2.9260825244286504
202,2.673045543051506,2.02668507965298,1.4578419863988394,2.3153794898773636,-0.1416705222803173,1.7368289530719987,1.4681813846087104,1.8329466628464348,1.5966464720736129,3.407736702992872
203,2.120984777965535,1.6845376928151914,0.6505352463226072,1.8499304445074753,-0.5563491239547103,1.246094649767908,0.6485209139240442,0.934069027086952,1.4799244341648377,3.0902578213227523
204,4.215835757943768,2.736567981565731,2.029132785941532,2.0510263889614015,1.304520634375542,2.198380602836242,2.0397167876231137,2.0273051847627133,1.6252154520438526,0.25681763242380207
205,-2.1405059923586216,-1.928262831740679,0.7626475985938492,-1.4736666351367194,1.5062897755576836,-1.300788625999738,0.7471556340385246,-0.6267710293564888,-1.393911569320513,0.7530605544916069
206,3.2501720997621364,1.4336744148913734,1.6021849512093411,1.6548131118247316,-0.03360973673989365,1.3338258975868738,1.603798861037364,1.3136442441682563,0.9985896275377745,2.7811903588783204
207,2.383425337988,1.3475355054736866,0.6119396832493494,1.778539534209167,-0.4279970697547496,0.9567559179748641,0.593983810717245,1.0184148358519105,1.3185501227556087,3.098064027299826
208,1.4134356732610374,1.9307962121731412,-0.011639904730371228,2.0886070650420967,-0.009932967664243952,1.7581614082000678,-0.01728872614334026,1.3591947533423696,1.9241017448686653,-1.2032201891847079
209,-2.484130896856542,-1.354977784486619,-0.19718440132263929,-1.3422892660234433,-0.4056213219304132,-1.3449123870077009,-0.18730659874523617,-1.2028508301927352,-1.097211699501361,0.24750423974069802
210,-1.4239198736200134,-0.3299424925603097,1.474906615213171,-1.0400382232824819,1.3083317553180478,-0.01981019200651782,1.505171407712742,0.6239623805542948,-1.04350636971845,-0.3975742961366756
211,0.7500686315641335,0.2873909744334179,-0.940588836826163,0.42728879068486436,-0.8142725897575436,0.07788568823498318,-0.9195946441275389,-0.23925277323727756,0.7252408224586548,1.293657983768567
212,-0.3359186641885419,-0.22428354190617134,0.1796344520392199,-0.01673736713876625,0.011892499164635195,0.15336199490138175,0.1544875020389544,0.5430274558092851,0.1470865798999871,-0.7536408124582409
213,-1.258658842342519,-1.2436778695171449,0.45485891321118077,-1.1084013824945274,1.3161169412387355,-0.7366876475018729,0.4319832480140456,-0.029040941573232205,-1.2153712320202552,-1.8679473215513807
214,0.15095333571603253,-0.38668649950294076,0.835485913804401,-0.2762057122501369,1.445141675883642,-0.2787928584576219,0.7895759303413872,0.26410446210043675,-0.4985423435630433,-0.4099036330040866
215,-0.3648529527780098,-0.6870988004082644,-0.9376163089302615,-0.5442895970476849,-0.8246007846287114,-0.7328360265313584,-0.924610768387341,-0.9460854061255206,-0.21259062530579848,1.4127012394219456
216,1.5583586670424996,3.029577558500966,1.9310305727310824,3.11195486883183,1.5532547922873512,2.9098943734931164,1.9984808439835524,2.5493936885270765,2.368204954105887,-0.45971263364541864
217,2.7663624416351995,3.237018916255394,2.32363082372581,3.348415753642937,1.9112645056822837,2.6444134167569113,2.3342938147364967,2.9549362844499276,2.310740843100157,1.6283019627938944
218,0.5635382214400754,1.0590963577140404,1.4545961933771414,0.5020384465382389,1.6024273819902708,0.8624336826479015,1.4184247848053304,1.3646828644406392,0.31055676456420667,-0.9716952603843186
219,-2.7292011560313543,-2.5635856778345816,-1.756094102310316,-2.489068661329604,-0.8056463175915942,-2.294295077064821,-1.7575016990316166,-2.432389209260429,-1.7766049468081058,-0.23937287592432535
220,2.27623618610912,2.454761087135496,0.24360696374921897,1.8493521973298441,-0.6635763940893968,1.850273704996321,0.24113323753346594,1.3419350203904787,1.469500381390997,-1.799474519700116
221,-0.740956738744086,0.14466787480170673,-2.158581426062518,-0.23984507961560264,-0.8452223293407621,-0.01121413309428243,-2.1304515966003974,-0.9626755162898879,0.4630626592983411,-2.2999754591840578
222,-1.0209931158482957,-0.3323285961579289,1.6782682413728165,-0.6736703932150898,1.486130011979169,-0.2807470105624246,1.6624516033750298,0.323174651123876,-1.060363379610734,1.0108887305413425
223,0.799463231750658,-0.3277900181924452,1.1737696147544112,-0.22226864127138612,1.332199078262702,-0.1635314172875439,1.1533161119920425,0.2494543124482431,-0.5444590014721189,1.673569124065879
224,0.8263337124757374,0.4352293386970829,0.9389463973415872,1.099455620069643,1.484334163998204,0.6065742194964288,0.931826175096734,1.0296583706004547,0.5815757281102235,0.930563156893242
225,-2.21487196557108,-0.9505997334344196,-0.22296210315910475,-0.7776546784090285,0.05269254054103073,-0.5909980183063154,-0.23650850857193334,-0.21551970866883027,-0.6819193986106227,-1.4839522881242049
226,-0.06853716297244744,-0.5918692231398378,0.5516773893335157,-1.143466942930205,-0.05156608350940367,-0.639657216225537,0.5273158101875235,-0.36794902747501224,-1.3354531656647985,-1.7019511583166311
227,2.6883950539495363,2.374721914898445,1.7039200710185036,2.336137073993894,1.6377364829143628,2.1558962821186785,1.707967962146129,2.2432066720656936,1.7435587917081194,-0.7042645674498154
228,0.17740279124422018,-0.014278155397781775,0.10024216261117651,-0.04014072859718327,-0.31719472551223143,-0.09077726428239431,0.08967341792667648,-0.02743227563684342,-0.2513925122478702,-0.7764752721970758
229,-1.1300633928311958,-1.4122101834858765,0.23804184052678262,-1.2794374352493971,-0.043158096369860344,-1.0811898133393838,0.22956588727799604,-0.7411129235704663,-1.2578152329689831,0.4836688906921761
230,0.6384028492259539,0.9189264431940258,0.8929368867191709,0.27492511300043165,0.05045669807517911,0.7468103030659761,0.8777127723419518,0.8870250722105901,0.41366156412098576,-1.250152548532021
231,-0.14033602797155556,-0.2533764889868744,-2.9852076506461955,-0.45335730786755446,-1.263286481822385,-0.4762211893881387,-2.9531819714846446,-1.490605890133013,0.5910948786079111,-2.5705414624593446
232,0.30105300724435335,-0.03436870461696695,-2.910067280820482,-0.2650577253443411,-1.3029392522497951,-0.10859618321582702,-2.910105141356681,-1.3838700071604766,0.7679805633636897,-2.378792517443246
233,1.7899571929203684,1.2480850709988434,1.0764938267983308,1.720880892706707,0.10412658363973476,1.197213570294884,1.0743497516540628,1.439858213286636,1.3193562975133553,2.0385894412330816
234,-2.3215927318402114,-1.4027731580126033,-2.7017032601009845,-1.6352272105562533,-1.2326555357165787,-1.1851078402437882,-2.658355476169718,-2.1405574078894043,-0.8778794657257024,-2.666629758465629
235,-1.8146926545174697,-2.0127088359332186,-1.3166020443728548,-2.0403090825355936,-0.903130239182926,-1.6983566093092826,-1.3012597453880168,-2.132357816457512,-1.5913498926329077,0.013926877651039607
236,0.8164763500113015,1.9486474799339113,0.5443021990338913,1.943382275647525,0.2820614808228199,1.8630015358242245,0.5720607800368198,1.8348232974339338,1.8896904750136425,-1.1233902973410164
237,0.017104041236687156,0.2862116792253282,1.5968763494765374,0.0712208101829915,1.4472631438298875,0.22726776175424404,1.5876448076105625,0.8454857985964003,-0.30961736574912274,-0.19161152023351158
238,2.354614124215828,2.2003233530934616,2.0335119120380174,2.5080040000700614,1.2774786810934495,1.7323758269897551,2.0414351712821257,2.1892230446348644,1.5259476530974252,3.5680733972049223
239,-0.734322940535926,-0.6508255082370558,-2.534842023164645,-0.7765475868241376,-1.0204658868891685,-0.5935709723669758,-2.5064802108427573,-1.599656001382146,0.27332708758370117,-1.9834732465696057
240,3.2330696934246053,3.173392260552899,2.02554432715958,3.455300163755428,0.054563325137312046,2.698860484718912,2.042381549256736,2.7963956476947898,2.0386300232282135,1.3192777039718708
241,-1.4387211728204279,-0.08251760217807004,-1.139707827900683,-0.07438852019412304,-0.8230350476893677,-0.3686897575548298,-1.1248859477804714,-0.8883864896494218,0.2190200088322517,0.5915201057721224
242,-1.8657185938272134,0.41591658739743853,-0.1492149785695342,-0.3027471563982641,-0.22320658080619293,0.27485008093256064,-0.11176030968409814,-0.05756158624059313,0.12112699512585955,-1.7865316593120995
243,-0.8399439025264339,1.268921749509086,-0.035472727905345405,0.9281589920532152,-0.5075556396983234,1.0965386288772438,0.010672572476483774,0.7584331713973649,1.1504050880124743,-1.3334385333972563
244,1.8160300527758526,1.1922039129613031,-0.04317297060193461,1.3321317204926941,-0.10863172554836777,0.9775189984232925,-0.04427455398980539,0.8135387569309576,1.3714996220956137,-0.038691532642739765
245,2.231795199721984,1.1640934142500237,-0.03128350934570757,1.5490541263280837,-0.5573454277580874,0.9360251731236856,-0.04579639305069713,0.5856489561374014,1.350650198110894,2.4235477771221774
246,-1.9918088067323736,-0.9669558632231569,-3.0997101798541085,-1.2671471555088445,-1.109793231977998,-1.049022286075456,-3.066882188465428,-2.1553062985454434,-0.20822824210051816,-2.6804123078015136
247,0.5399450429043271,0.1310715665203918,0.7412617179404708,0.20745906605354664,-0.14516894278491824,0.03552832415478494,0.7279753257129661,0.2753947395327747,-0.08308545015599525,1.827990653592868
248,-0.945232453958234,-1.5302645577484815,0.9430167397945446,-1.4694331509011027,0.5320312022336761,-1.1179546868080243,0.8963136899145994,-0.46682842494326204,-1.543069097249619,0.5222699463696555
249,1.5966557607331364,1.4790028920995495,0.7965866963312283,1.8980188660134885,-0.43868340807764283,1.2346801297207408,0.7913983127521009,1.0170974307698262,1.504073910177173,3.135393934515519
250,1.4840626750642207,2.5716440262501274,1.8978002346523248,2.755337288330204,-0.052320375375159434,1.9307992828999438,1.951198931359635,2.309321809563622,1.8608900938856556,3.7505910351476093
251,-2.482465381366155,-2.663622732134199,-2.6599488910546416,-2.762604061452185,-1.2298622311925322,-2.4807195208119035,-2.6396761180496777,-2.986993136879421,-2.2043879546107927,-0.49603936022039347
252,-1.5396823601567604,0.554504163866055,0.660082053670275,0.05766569418912001,-0.06357716123238877,0.43201485760348723,0.6855059701966797,0.5263205886442994,-0.037281664262222056,-1.0988093664610723
253,3.645961193993941,3.171241530870383,1.9367033760444485,2.8780722984868157,1.5640624949763988,2.8530745681958267,1.9459513062719669,2.5353503423312187,2.3504935435492067,-0.41527712558471885
254,0.18907728747058472,-0.45679902159402413,0.9197645530369111,-0.18107861036897677,1.4736565498952974,-0.27239639493450135,0.8997235882481089,0.214766315674297,-0.3968031661151586,0.8525211483484475
255,-2.5163284588009383,-2.027447661837933,-1.8789209465334413,-1.8959256564546474,-0.8541184177210717,-1.823205976783763,-1.870581431169375,-2.078717010131273,-1.2679836831185962,0.16167722898927986
256,0.946350598383437,0.9514078067939654,0.7231368477821105,0.6023425226959069,-0.11485914488186305,0.824453959328199,0.7309406315399558,0.5385093319008152,0.21742282653004896,-1.0406188442781805
257,2.9907738520074467,2.39262883835437,1.3852160865153662,2.8377322408993924,-0.194351534493703,2.031500116950534,1.3770021660138068,2.0878447694318876,1.8675751968811198,3.4619452403787747
258,2.1395996826504193,1.8307584844856195,0.6572408538825795,2.089318430187341,-0.30662053872863015,1.4689201859371557,0.6609531891856154,1.5657677691887892,1.5603114865316572,1.320759372592018
259,1.017583211158567,0.9669888285097595,0.22036555878443725,1.4795310881623034,0.15631261117302003,1.0185117851794547,0.20776844258572313,1.1615848745759425,1.4686045416520261,-0.6636547281047827
260,-2.5686620863194025,-0.7600408269324539,-2.7979212493918393,-0.952379715192295,-1.3965991097790034,-0.7324949115636121,-2.781485393941376,-1.8619293581898868,0.12575403501476615,-2.5925058189533727
261,0.1461723104792339,1.7237173084028532,1.5799804279114384,1.2795254331443253,1.3964582916456334,1.4270907715862453,1.5793682871820816,1.7904438998901777,0.7804723119476249,-1.0462402748066384
262,-0.8897143072968818,-1.0997248579492958,-1.1656929272669432,-1.0601850749267716,-0.2572956660413658,-0.667405783471162,-1.158233234199035,-0.9179044495643066,-0.31585410417097476,-2.472912870436713
263,-0.3583017691414596,1.4377406159064936,1.37749220891122,1.2815209328164816,0.05225773755314744,1.3897978347782178,1.4201102591905368,1.4518086743315934,1.1289765162279224,0.08248596699806486
264,-2.78024714934815,-0.19366684605279194,-0.5834232142079778,-0.9643627297611501,-0.5815779606678046,-0.3970878219345265,-0.5741758389247433,-0.5654138060783387,-0.42213924664327285,-2.207747429772324
265,0.06402055542953236,0.015102691230620247,1.7716912052893314,-0.40282107655689375,1.360380395719146,-0.16665660143544284,1.7660759806783162,0.5236938919266039,-1.1050631599713205,1.1022952958879717
266,2.2741763017287733,2.0217437066617516,1.3018418631496784,2.124620980887095,1.4041940334952068,1.8055121576483597,1.302280158295574,1.9872473890633409,1.5971066262533413,-0.28084239041527764
267,1.362730398617154,1.7535480486014623,0.3141290100561769,1.403851832506939,-0.45944464267878626,1.3486815336228326,0.3018452205692247,0.9065663768731577,1.2980465674721628,-0.09352655780421841
268,-2.995086421174308,-1.147377352898297,-0.10533264564386044,-1.519768337570968,-0.5187424522756753,-1.2751131486579046,-0.06211705403857175,-1.2096589456420044,-1.2296650875393762,0.1920662827569945
269,0.3536830620933794,-1.0538821346344376,1.3979714174910625,-0.9270711521879915,1.250330771591664,-0.5495129034763517,1.372791779552351,-0.09993833898675768,-1.2688907421963083,0.9478822943384841
270,-1.2046483319270305,-0.8441849261613756,1.585816765689688,-0.7894433352778545,1.603284998420322,-0.49312428664169783,1.5570803669548314,0.21709707058566935,-1.1429124723214668,1.0336338661953728
271,0.22145895990269637,0.0418001440987949,1.0380704737819793,0.15941186914995017,-0.21606745576458553,0.23184800599751376,1.0497532511228604,0.1623585113945315,-0.7025749525610822,-0.22912149093522172
272,0.6818274971854237,1.0880636009639142,1.1322209281676654,1.0912482602902038,0.08688611132386448,1.080635859224476,1.13142276740371,1.3493978352921523,0.7229184223135692,-0.316369952836151
273,2.216811290734564,1.8538149831734665,1.4658618328512114,2.0896454020116617,-0.1529385551938799,1.5128917290645023,1.4691066701802689,1.7336926813538178,1.3599358737401714,3.2543700155816326
274,1.9519485111063952,1.8073778144643184,1.5682477555470513,1.9919342718607658,-0.09139709490358028,1.5732563418955028,1.5600383415233554,1.8253949462485481,1.3369234940084,2.4865785333152246
275,0.2775797275912217,0.8060062185269791,1.4127318467455787,0.3201568812858362,1.5866704365038329,0.6891013476965555,1.3856780013755479,1.2040539655107578,-0.08996130767521804,-1.2778953827652444
276,1.7124874841923654,2.1604868681981677,2.1272894437398424,2.210361654515017,0.20298942281671797,1.776113093890331,2.1352582856748055,2.444265834883904,1.1920172075752775,2.4597113660228684
277,1.3324927368124406,0.21387231059577191,-1.0613430846321017,0.10641062242350016,-0.8613431362867,0.14115393687408231,-1.0910769139106762,-0.49522394798027836,0.6460394990915199,0.6075711509937012
278,-3.6088764673993596,-2.6556597219010913,-3.150294309771292,-2.7461848095735357,-1.1274428883260426,-2.362524463387041,-3.1258984875240614,-2.962830420677481,-1.710515533590478,-2.2884344064080557
279,2.7261658676915865,2.8679663985701866,1.5172823717836188,3.0240725367745442,-0.04432177017315575,2.284465160832288,1.5462818505267903,2.434956796016971,2.057802663204427,1.1852921213038037
280,1.9858161821623639,2.1405540248040418,0.3932209439430638,2.066254754504617,-0.3990219449896647,1.6448707645847582,0.4044909712089997,1.1794772606524915,1.9946030057728557,1.117590589328356
281,-0.5123050872365187,-0.3017770387342462,-2.9223720528743264,-0.1545976456413989,-1.2118005459332035,-0.46998243664965866,-2.878485696615763,-1.3981713503297297,0.8619303206045825,-1.934089442425766
282,-0.1217928604786651,0.8132613594689593,-2.7041276257513616,0.596154751864327,-0.8201415851104759,0.5620079647967058,-2.643285539198887,-0.7252352675718984,1.6911302005245612,-2.2666260431164815
283,-0.3646540118777165,-0.7364448586334078,0.6902886527571455,-0.7785452013160925,-0.43326621562470585,-0.8730054986006545,0.6627086055894884,-0.6391485219741226,-1.235718522225958,0.7388171615558028
284,-1.4936595563616566,-1.846332932877465,-0.8845160763115413,-1.8840224061952675,-0.8223689222038366,-1.5457234071788668,-0.898687480086782,-1.7942650269310423,-1.5460167442468098,0.16879169088827212
285,0.7806961928551843,1.4905219586068066,-0.6232124986662197,1.3449130127878908,-0.4146879995128885,1.232119761102698,-0.6181448574274302,0.5991834540149688,1.6202955623403428,-1.271251146684972
286,-2.07913247761243,-2.4617064499753223,-1.9651070531740324,-2.397795932487992,-1.0327396366149537,-1.9770709251074372,-1.9631542383861236,-2.5125505782434923,-1.8571280466115507,-0.6279419844822254
287,0.579690105710803,-0.29328179452032554,-3.035380060267072,-0.6363545136119122,-1.3057098223508368,-0.7181627815737716,-3.050770886548144,-1.6179102064108557,0.8141199055620686,-2.3533917952850842
288,3.64538174572424,3.2561517534151383,2.2183285065160114,3.670062504467703,1.6973152650597494,2.97818960628738,2.308145025556187,2.687315650595362,2.311970007904117,1.3744454026092163
289,-2.1220258308815687,-1.138949143920006,-2.6486949681112213,-1.2216017041998557,-0.8383496881236964,-1.1943467019170644,-2.614333018082779,-1.6976127235193972,-0.4144665415109089,-2.749030921778809
290,-2.227240218927636,-1.9185611345142495,0.6210018636605814,-1.580104112617836,0.08955048658258041,-1.405399909740054,0.5809541016065041,-0.5598030470412759,-1.5129592429295131,0.6110392191487939
291,-1.5653988864664918,-0.49252021139672575,0.3612395854714195,-0.3695201415032823,-0.3553592191661881,-0.4026662705157552,0.35814057541006306,-0.25888426840546813,-0.6490469370987804,1.4459847885148125
292,1.6119167192433932,0.5221446911630984,0.871420172988778,0.6459926394856932,-0.327215670717812,0.5724218941556489,0.8424982362433135,0.5268977134750881,0.48923318008217637,2.232988382767153
293,-1.1811533551593134,-2.049196751302578,-0.1228584421676433,-1.805099483072953,-0.23440192797461123,-1.765400767037121,-0.14800848979997988,-1.133645939722775,-1.7546146059165544,0.32326929664635196
294,1.7688572917214092,1.6395714941884547,-1.11732563338861,1.3561591236767958,-0.9429704582302257,1.0635303761704828,-1.095547338928764,0.3043676797119951,1.7876505928231674,-0.4983757518111366
295,-2.144906196003824,-1.0468052618758301,-2.689035805825077,-1.3147452690985437,-1.283427692105855,-1.0238840548683867,-2.658722738443616,-1.9776687035277207,-0.5313546900281425,-2.0492837064772003
296,-2.5759718503560443,-2.819922091930377,-2.6307959310971345,-2.777562175334171,-1.2946843719173144,-2.500470865567025,-2.6141133146962208,-3.037587203875052,-2.232433265009238,-0.5377374035390775
297,-1.742633671322268,-0.8650353870277624,-1.8743846070133139,-0.877048504055624,-0.901291055639982,-1.0693884163567593,-1.8635927982177671,-1.359314176312398,-0.36110130830977705,0.28055166652940233
298,0.4148980465165981,0.39256942435284814,-1.1589707624019474,0.04376749408897905,-0.6156245982138898,0.21108424266963924,-1.1614426400102333,-0.38678728204618096,0.46342269403412484,-1.98110685604793
299,1.0153989042551608,0.16064431274371582,2.030509027071239,-0.05592514253281571,1.6018201324080237,0.3415808626914405,2.0429393898603427,0.9615756126419459,-0.8651985051002209,1.1108394903250465
300,-1.4500941983006213,-1.8794796046953948,-1.1227384336328508,-1.675204543347181,-0.4660165384406018,-1.4494799772634503,-1.1370776860025964,-1.4204383454471818,-1.3573991718406857,-1.1909928406169514
301,0.615085821712239,0.3641002175282772,-2.7901244130266436,0.3911099070068935,-0.823214669750594,0.08809607774875546,-2.731995876347722,-0.7186184538123517,1.4604637204723292,-2.6590997687666205
302,1.5500046039359308,0.7637650138693465,1.7223176554865258,0.7727325087071444,1.3722171388751443,0.643838149770428,1.6930211334385317,1.0518420737736152,0.06685422231037784,1.5394086490951004
303,-0.3877693959476327,-0.8588023131178827,1.4466899702234066,-0.7990061622207245,1.2768323184243489,-0.7228338490327746,1.4037646205847605,0.08257973128185475,-1.248393917260013,1.040941041772277
304,0.6676075502087486,1.4684349014800482,1.109791777520719,1.5009487199610068,-0.08609459045226091,1.295496909455911,1.1257763065778545,1.2238748117802327,1.0559387394637842,1.5338298255310578
305,0.9730172556478637,0.932541087192401,0.6698147962752256,1.360617142532135,1.3821198369437164,1.1391039501121645,0.6327642204088486,1.1551668732519635,1.1148777492039634,-0.8236744611710389
306,0.7509518009007963,0.18771088477142203,0.6821544158528074,0.347101653405283,-0.314488884243609,0.27967706070248066,0.675725984858822,0.25815008899580194,0.145177103676504,1.9929758732313547
307,-0.19148695861866621,-1.2024900616434875,1.2057469816037258,-1.1571681737654504,1.4283056666302707,-0.6393467355672042,1.1588756003393235,-0.20956694739672155,-1.1949417460468825,0.9343310326349454
308,1.9167925410203739,2.4783161182525975,0.9657401306829279,2.5051115044396957,-0.28889823531741593,2.1350120916862156,0.9618159907252186,2.0362394311245318,2.2520598606390143,0.1679390837184677
309,0.24219781879222257,0.8388724930270471,1.8356190882114811,0.6213030273443857,-0.001143887946897737,0.36779196728019686,1.8051929817002978,1.0530355509174607,-0.20579656351772355,1.9341114418258774
310,0.09581734187798066,0.11631602097130078,-0.47008946064494855,0.021529486162229376,-0.056154059297876424,0.3067878965517452,-0.4681873018679001,0.1060095178896399,0.25135330861445204,-1.9606450845164758
311,1.3760805354964463,0.31141352289983004,-0.21680416916830397,0.6388312978096922,-0.11100705723692664,0.5350174609562048,-0.2346560253740551,0.27398218271668473,0.6098018974247533,-0.6491980216314811
312,0.039264556890385036,-0.30418858893573264,-2.2448192705651935,-0.3455556601461682,-1.054855322289324,-0.5427792520600051,-2.243820836809401,-1.1418169262242686,0.18838853875812472,0.36754464811824605
313,0.3592478584319696,-0.6156051668835316,-1.6018868291210424,-0.44195106459705724,-0.35201745428797143,-0.17845682014397662,-1.6264911906646822,-0.8502195763379894,0.34455022548954484,-2.4245810866218385
314,1.596658841737396,1.0054934118300318,-0.7399691264620054,1.218692495996712,-0.752222694660698,0.4873916121033286,-0.7302302191524213,0.1777857654895273,1.3138542003269376,1.5951215080859285
315,0.08358944601088149,0.48371120958576863,-0.8068566694383448,0.8834114445186771,-0.31032706216846595,0.5811113032386668,-0.8007942705328349,0.5303111478664256,1.2397945612383052,-1.3821155881408296
316,-2.9046843606397403,-0.8612181644018869,-0.2688390264708912,-1.1864354074072243,-0.23124787709060363,-0.9209975667375646,-0.26589709314449606,-0.8253307982256584,-1.091679611146017,-2.0257608144291224
317,-2.063065129456307,-0.8918203204526264,-2.0594754583588886,-1.058141119850708,-0.7505597532773236,-0.8591393204264927,-2.0370899095586146,-1.4163600005510806,-0.48079323354490483,-1.6964916381783868
318,-0.6668098077703738,-0.2830675936421642,-2.50605511385066,-0.2981783398348356,-1.1940829045622754,-0.5227214522227033,-2.4922106784704674,-1.449184515277886,0.3018250347067145,-0.16854754092472696
319,-0.7936362417257103,0.5944364956647683,0.3305174246247034,0.5033361294616814,-0.21318573646712016,0.3992026514573798,0.37147933941865574,0.4983735810991081,0.4342810300536893,0.05978849235355688
320,-1.072412960931074,-2.09288200691568,-0.31303501975376796,-1.8393875084144296,-0.1380813745474519,-1.6941573166518107,-0.33562396713170606,-1.4148200897920766,-1.7820067667411958,-0.25456241732556684
321,1.2530316192539193,0.10297273464737378,1.540871265725895,0.06629375798698071,1.3443604669832854,0.044922447324986986,1.5151345992572773,0.4815778362969389,-0.504560907437663,0.42622277334171565
322,1.740071414285361,2.2991542339174025,1.1996579896396957,2.3937894788612715,-0.2417231981803503,1.980372819739294,1.1904950327076504,2.144585509264374,1.9657727641581744,0.3551210430951155
323,0.46883267178331867,1.0907906649883523,0.4263706080539028,1.1944328773271589,-0.3924881625466001,0.7057435293987471,0.4418817187720454,0.6143165618255002,0.9627011882144058,2.532346625971843
324,1.9814561755329714,1.3653795357407947,1.142851191874834,1.7559515925859848,-0.25193233315690855,1.3689610698950787,1.127498466234818,1.3326660908929713,1.1415128374310535,3.088069646582835
325,-1.5743398842869634,-1.7365197951586993,-0.5632707976252179,-1.7583399775753628,-0.5366971383233812,-1.4723048940543084,-0.5796395966966025,-1.5166331500715033,-1.5539819439368179,0.27451907084976146
326,-1.9243075012992104,-0.7238134109133021,0.6904185004949499,-0.6980997220684999,-0.04476865743220715,-0.5450211188462571,0.6862907606908851,-0.04991273353104629,-0.9767087491699842,1.2679509666626978
327,-0.8907939002892066,-0.1568982262945144,1.178854683415007,-0.7484078505631581,0.09428258076379636,-0.3026769239853768,1.1706824030473328,0.06249049061421855,-0.9139374045503716,-0.4223503656091291
328,-1.5622017555485117,-1.211193687396955,-0.34135065242590407,-1.2760365408225143,-0.22578750938018854,-0.9780423328522114,-0.3654610969653598,-0.6803785566324456,-1.079469105246619,-1.301764312535029
329,-0.9114508130287746,1.1148564847800624,0.8004792426615529,0.7972594506954656,1.3407776005033467,0.9601234485558965,0.7902760423495765,1.446171627898893,0.43968442401918045,-1.2277486726979308
330,0.2579286948002115,-0.397641826483648,-0.5547222017545536,-0.5064510627357462,-0.5432789402117708,-0.538278237106897,-0.5524464262012116,-0.703253329929761,-0.35688745411782724,-0.12044103129865529
331,-0.7261649766324405,-1.1798103693793023,-0.844102118000123,-1.2880456203589037,-0.44864376657754546,-0.9427993836873207,-0.8639574815792608,-1.071868731211177,-1.0453480687868575,-1.75694714008694
332,-1.3074863146992666,-1.6195689874195187,-0.8926117320437565,-1.5596931135440188,-0.6891075006590675,-1.3586384824709372,-0.8978982093917911,-1.6093929880154652,-1.3418087524816062,0.42268515094212356
333,-0.8829835563411534,0.2402297752686734,2.0047814228778886,-0.32006696302236337,2.2228974912071493,-0.09012556019134368,1.9938606946327448,0.8466437253274537,-0.9090623418190553,1.1526116820327748
334,1.7676025269549083,1.6184499935752092,0.7593996492508408,0.9797537009653852,-0.15155529338688148,1.37940685947476,0.7289991348614979,0.9754363769698258,0.9815000351683503,-1.7112912582444517
335,-1.388154431514819,-0.7978255417984832,1.05228715789143,-1.1771559478872067,1.441021305126942,-0.3371345190110083,1.03945552100905,0.16702929623410848,-1.1082835893955219,-1.881591169398402
336,-0.23032313272521487,-0.18873547546396902,-2.9123626040795556,-0.02701176283608578,-1.2635313533953876,-0.4793476970323008,-2.882319683081353,-1.2807576135433103,1.0230482120572375,-1.7933600900579094
337,2.673586056646439,1.682199877553452,2.001367360993235,1.960042437300269,1.1089852966565354,1.5558743279862308,1.9675461105253644,2.0663076288296396,1.0840745629102935,3.183148981681989
338,-2.481349389263158,-1.1928454637968098,0.3127330855328475,-1.3548351504129075,-0.19184691646681953,-1.1435350198909693,0.29574944666122577,-0.7309110297520396,-1.3536404949988796,0.40780445012474276
339,-1.416333413460001,-0.59099480419521,-2.435746360377049,-0.778919036874857,-0.9715265573986815,-0.5059865947567699,-2.391044278922123,-1.4425270376669639,0.06831764445677689,-1.9534393921802211
340,1.1600892978959607,0.5075470718654316,1.159643454211355,0.8096760306796813,1.3996758398418339,0.6993814312152749,1.150218889278177,1.0477773677606483,0.43796988758953787,0.3491268950024484
341,0.3801503874591802,-1.8435743790937542,0.8384549669433472,-1.7728968084752985,1.4768134615692923,-1.2202504156357454,0.7765143641485774,-0.682915856562281,-1.3517484745351338,0.7023014529547811
342,-2.5273555651975865,-2.4717360508740662,-3.144240989466284,-2.6340590745095964,-0.9677146990442609,-2.420815533313977,-3.111201594615112,-2.969592437113904,-1.867127806843806,-3.2209953193152145
343,2.7451731556949204,0.7444015760340377,1.094555837901108,0.8454547705506933,-0.0029450309819807896,0.8175564958619773,1.0579067267238724,1.0078053217759755,0.4897309978612073,1.9824194296748692
344,-1.825421470014466,-1.505232319728786,-1.1157547355006974,-1.3474177813825166,-0.3193945151705159,-0.9692155632286048,-1.1385784101739216,-0.9634600128879112,-0.7927549245880112,-2.5210038428987627
345,-0.3963307552488936,-0.8193163090745155,0.2726524596702222,-0.6527861091229246,0.0811865895489382,-0.8499056015091113,0.28371243010945923,0.02117252030973825,-0.6912278826029605,-0.01244420844234672
346,-2.2750611873406905,-2.485101469393662,-2.7754418644001544,-2.5635084323164685,-1.1989559836942056,-2.2620248654552597,-2.762875091613175,-2.8612671403078016,-2.1510600348311915,-1.992166974101523
347,0.21056693014277422,1.696851502390476,0.8244614507918537,1.4502929430742069,-0.09174301367669879,1.4499136925043496,0.8279307228051337,1.3392821263755168,1.1413163994916227,0.004278003806954686
348,1.0327034833349447,0.779845575144477,0.6519988505769472,0.6556568644478298,1.564671851722687,0.7917650289814151,0.6369184374985986,0.9971383143640327,0.6592381556877771,-1.2516772364910207
349,0.27558487825760014,0.3342593312423518,-2.689387720499104,0.208348751445752,-1.2816065308972604,0.052047291398213104,-2.65748928792752,-1.0335854885540332,1.252402925644105,-1.9523952226434507
350,-0.052413936531314945,0.34407206756193975,1.1819127656956203,0.6380861741058742,0.26443846888789446,0.2816336782973203,1.1527077194398772,0.9933108785648861,0.12277034967142378,1.8773667233045512
351,0.5686900557078212,0.7968470491442147,-0.4841175523754079,0.6248866674267637,0.004432330367861614,0.7860612501782287,-0.4350789917539656,0.34255079348321205,1.2677432293470332,-1.9654808224647449
352,0.5202629991703855,0.6725404763363559,0.9756421589343752,0.7075834866279785,-0.14759492795058932,0.5712627208324123,0.9692531305821991,0.7479977004900786,0.28804486364301496,1.6812404929404638
353,0.9018325033093416,0.6974711213828564,-0.8240760114882146,0.8613137671738464,-0.8866845783784412,0.31564855139028425,-0.7989391095449934,-0.15920773396365345,0.9005106505355722,2.3264792920748807
354,-0.16067324462854904,2.049644719311158,1.684034468073481,1.350508532078162,1.625161590448363,1.5654482668557812,1.680125497271202,1.8351313574591959,0.8756670898117668,-0.7731725357395236
355,1.3287260886041241,-0.002732288599649708,1.110409730417334,0.21296154902696238,0.08764146127365957,0.25641555450778364,1.0849386891478767,0.4445208860742587,-0.0711396651609911,1.9023992586851453
356,1.0791689547349579,0.858083223409216,-1.5943908008368748,1.0252467405785004,-1.1233303629395746,0.44188159619227363,-1.5723385942100747,-0.24056367277912238,1.4620908303780065,1.2386924451460928
357,0.6381087456124555,0.6214581292104349,0.2589047382559177,0.5316375766564543,-0.05394920368471809,0.48685308041413283,0.27260348436401743,0.674834624599707,0.6667983781728614,-0.15078948967729772
358,-0.12608959593355107,-0.5130872329687657,1.5586644738206128,-0.7630287775920173,1.3598717342594477,-0.4017894943470024,1.5233930302261518,0.16774923757472243,-1.1808733134401106,0.9325308610589043
359,0.9336328796396601,-0.3891733472018014,0.6243217554521423,-0.40244325325921027,0.26342543670225393,-0.33232623311094894,0.6330854388091944,0.043452857222562966,-0.4482471379973675,0.08477968482442468
360,1.5778245320315119,1.9102650003667434,1.5339077215939207,2.194082203851603,1.3548139308252138,1.6362168907597237,1.5205452405778277,2.1144911875593895,1.9545727754810671,3.25312136093485
361,1.4596701199598927,0.7280829787393459,1.1911204805116324,0.9995937222725476,-0.22928436954500328,0.6028929178303544,1.1662215357662005,0.8609385409774866,0.33466049608880605,2.279040811269603
362,-1.8210953136675285,-1.5586553811965338,0.39713760147330734,-1.4445139095042825,-0.01014199339029781,-1.2275703008026873,0.39030738806842213,-0.8612165569282669,-1.5433943231480023,0.5659827635084645
363,1.9117469636853315,1.3343461353129649,0.21839219094060092,0.7325547638669452,-0.06539692807528143,0.8918234325159333,0.23644489466676916,0.5171408025649957,0.6186981251094956,-1.7126273570201915
364,-1.261729773037396,0.21354378511656036,2.140589759504922,-0.09190220022340116,2.084023144302136,-0.11312165909726338,2.131747376094079,0.9546825805099828,-0.48900393446000245,1.029947746017425
365,2.5227073834436533,0.7367989469801071,0.4752832925458064,0.7237410757483623,-0.47646193647283325,0.9287701304021807,0.45654036704446077,0.2967885686878525,0.7387089697208251,2.213806354662789
366,-0.8307689959979631,-1.593081413452814,0.28706819070559786,-1.5081344463530288,0.009990178876308875,-1.1713257723224717,0.28389456865152246,-0.8114506878232226,-1.5239069996360453,0.46549037853940667
367,-1.5196668397985524,-1.7824827690740135,-1.7252050478986658,-1.9106470977388559,-0.8135865020474178,-1.7482567647467975,-1.702659995124046,-2.0121127493197775,-1.6400108780288258,-1.3994049198187126
368,1.459244303304883,1.1278460268619506,-1.0317340557778856,1.1895695039249992,-0.7671208705149499,0.5894319211644031,-0.9806869068586335,0.21831596986964164,1.5240340681856979,0.35718723820594844
369,0.6407473915981043,1.3195059475633433,1.1794964140915352,1.6293070002340944,-0.18086361506942616,1.1131417823040772,1.1554022294609134,1.3256800800358075,1.1214307972172037,2.9442686678377177
370,-0.08169675754421263,-1.3220151631256984,0.32680329714858125,-1.205677731565626,-0.18586429762999818,-1.1316066705459757,0.31383260370101246,-0.6843400181509774,-1.387170483788527,0.6237140735462163
371,-3.2136497091274836,-2.1675827748872836,-0.7064555257813873,-1.9736828830727298,-0.2144782545004574,-1.6150333820699716,-0.7031744279678522,-1.4359753417288543,-1.5398585903195576,-0.9636809384530167
372,-1.6101996462453654,-1.0462399948577628,-0.4126714874670786,-0.9379104926220936,-0.34930743204272563,-0.8044837527207185,-0.4305358979242968,-0.8277458697217944,-0.8585273268762394,-0.8572097689987881
373,1.8932035884714136,0.8588146698510135,-0.6910210602561454,1.0701904850456834,-0.7824329083414009,0.3087445647814689,-0.664528213038715,-0.07049526057618127,0.971993790322204,2.3924375531982536
374,0.14575432865220592,0.4480701859951999,0.6351994601630808,0.781008250907091,-0.15343488844718736,0.337731185343646,0.606605649113182,0.5906802197994211,0.5100775895487762,2.4788806738451026
375,-1.0429360814685007,-2.222400590747911,-1.1909921303837248,-2.2364634766508704,-0.40945120904727805,-1.791708681707833,-1.220517019697163,-1.8483930570753673,-1.882070983086307,-2.511343237864243
376,3.196130103791197,1.2613047944360565,2.176421738176204,1.567958461889175,1.3179576862617826,0.9682867277685914,2.1853790335630903,1.5186934300901362,0.0980238914871662,1.7299702918063062
377,-0.39420010441755926,-0.5845939368001905,-0.48443970435204664,-0.7908807503700448,-0.4434010942448327,-0.46776201734609935,-0.5011988359196122,-0.6939185700433732,-0.5778887927988934,-1.2843108234956278
378,0.7047649000340371,0.9708289724081716,-0.41032881530738324,1.1839555572763123,-0.06843815713189436,0.9842272095212847,-0.4141340189629459,0.7829774661809551,1.704230062733946,-1.7275852637721532
379,-0.12531106227244748,0.6343838772352276,-1.34932213787335,0.5966461667066479,-0.3888704371406544,0.5973854901110467,-1.337525896350289,0.011224169579726552,1.3188479581150714,-2.0780002659273435
380,-2.8946362290060943,-2.8614187553409707,-2.60004291546139,-2.7540696549796446,-0.9467630565856989,-2.541053710797045,-2.6045776790996022,-2.7588654389643903,-1.9524015606373593,-2.6334569438856206
381,-1.5328426860108935,-1.8341863311734614,-1.735791372317635,-2.0730732523913167,-0.7784376948741867,-1.7758505745024888,-1.7424270554154428,-2.0365044689699525,-1.5894172162047515,-1.048021682584067
382,-0.06085713862884107,-0.5562943731411767,-1.1908825975736497,-0.44805757171464855,-0.7001507603638374,-0.63773410384836,-1.197193131925938,-0.8825339318220412,-0.05834767421648883,0.2082379773923846
383,2.6429633393516077,1.4732897097671356,1.0801564362277132,1.8197228657499354,-0.3216522120556757,1.3361417148019568,1.049954133369173,1.2231141186574739,1.4108617470437133,3.185595802275891
384,1.547925204347024,0.6063910689061079,0.953328770405493,0.6979743400367728,1.5264250233902874,0.8425005625979863,0.928742914875783,0.7451383155186111,0.5311668520833883,-1.6197810177839764
385,0.9713775757355825,1.3638389955347447,0.9439879038755039,1.5536722624467076,-0.1796655293775724,1.2406238295018723,0.9304247915613181,1.2736171309316595,1.20376483849816,1.7540721078080728
386,1.7757682426380859,0.6784971918326296,-1.2373868000333006,0.8550596039958949,-0.6745878043454032,0.5059737517569743,-1.2491834061835196,-0.019149070870666682,1.6082479630921291,-0.9886805209673655
387,-0.2959039455086639,-1.0444457766183404,-0.8871377868460135,-1.1112839083962989,-0.799633702527974,-0.9044211747089207,-0.9112409755823331,-1.3300999698458855,-0.8160793059956597,0.8462061001570609
388,-0.2533245241388023,0.19454961526042808,1.9045590653932671,-0.08563157000878863,1.559713388675839,-0.20324501866211614,1.8935560618713274,0.9033530062366868,-0.8038354554351971,0.7683474422922048
389,-0.9196133007110443,-1.2195093594267736,-0.7667278535220523,-1.1170668081533588,-0.09160710958462309,-0.8370268058767554,-0.7507304857826664,-0.6452047971752417,-0.7750993504198525,-1.9766928972077118
390,2.142688101104223,1.916154104351111,0.9285938381763663,1.291884725078277,-0.05063694315455575,1.5630894240160949,0.9058412463674894,1.334515741878032,1.1564937720211401,-1.4107544172718394
391,2.099757037044948,0.8893635981023842,0.5224882837540455,0.5148845252045375,-0.20701984108185412,0.5881457327710471,0.49993392905735656,0.7310179397951562,0.3504324182301163,-0.5872372888418118
392,3.2224230307569766,1.2757739842786326,0.4012525314947674,1.5327226328249255,-0.4394666289360661,1.1524534389145034,0.4225380265778115,0.5899697229185257,1.2382300838305935,2.898029887287281
393,0.8643437848153916,1.3978668164874541,0.5793942261999967,1.606442386422221,0.13563325135437984,1.6051711371520114,0.5600384484550716,1.3577768379410848,1.547690574158645,-1.4022767522921806
394,-2.961036007678036,-1.4372291996141957,0.6164546093239656,-1.3063925389930584,0.030196375605304027,-1.0813175578469219,0.6020127647896414,-0.47073248991339317,-1.4804747788085026,0.7457115662758125
395,1.1424677466313682,1.1515185033786548,0.7904318608969425,1.3601356875677562,1.4753121355819185,0.973423798443682,0.7811037856709795,1.3456719330465023,1.152330148893317,-0.5113865602326757
396,-0.5121878839745143,-1.6542356522672497,-0.9512966824563177,-1.4654078586444452,-0.5612922168935134,-1.4967798338339153,-0.9709329857701177,-1.4066756333207628,-1.2911791108673372,0.6115757377993682
397,-1.9015030691744537,-1.3526778443515042,-0.9421230774146078,-1.3666330209913027,-0.2853435886084279,-0.9245109862708992,-0.9293778161918075,-1.0191090426962321,-0.8489576986530512,-1.898794135015616
398,-0.28611106669779207,-0.866483815727981,-3.036635548804216,-1.438618314568365,-1.1855949708741282,-1.0197732115554676,-2.9949304475072376,-1.9166296957989903,-0.07418860541435539,-2.163158195576698
399,-1.8210001596623968,-1.2963574325937977,-1.2008929277041707,-1.199973168816732,-0.2795636734467288,-0.9448757264918126,-1.197904022226912,-1.0645422436668701,-0.7196166748767047,-2.463500794624691
400,-3.4645338214418553,-3.1246169155201153,-2.5162542595570976,-2.781990616817059,-1.340732182581856,-2.581719095971497,-2.487478041330421,-3.1696382933356695,-2.0208963568150407,-0.47529767153071095
401,-1.6381616980632299,-1.7688904303532718,0.8105833868511252,-1.3228549851098041,1.6570501234281534,-1.3500098842029922,0.7796362613029018,-0.5487302276331938,-1.6367808451745234,0.655352510672472
402,0.9450069638201053,1.727484661014519,1.8778771048543585,1.3401462453804376,1.3593778260425116,1.7664913288265436,1.887634551289786,2.0907691191565654,1.2227179544223283,0.2100671558270339
403,3.4524108540204423,2.0144785811901507,2.1462572857025446,2.393829188306146,1.1144028278741547,1.9026949771039803,2.1279674507028106,2.3043459197580285,1.4789003644124796,3.471080235342041
404,0.7192420148156954,1.716812560098743,0.557618824230721,1.3893530871875335,-0.23505946686056092,1.4482657535055572,0.5849443026034846,1.2767789967725656,1.2587687626070054,0.008621576715092122
405,0.017277674055053784,0.26966648067976495,0.7920233081723731,-0.2432616136151524,-0.06384610981682948,0.12711282937740942,0.7711379820494715,0.4178925001981735,-0.29582127761158455,-1.5945353677992284
406,0.18456071877601818,1.1250381810589696,0.42857722821378935,0.6080008624672553,-0.15450181840997582,0.7147949474992944,0.45316969089023884,0.6423269039102314,0.5809067503872265,-1.635473932240362
407,1.3889202156604286,0.397511699463322,-0.7589197908784491,0.7121910607390967,-0.2826038518769939,0.7050679841550546,-0.72804035351631,0.7047312540713396,1.2161436942235917,-1.3579382504441782
408,0.017009970322784583,-0.9342355832167595,0.9934834736267851,-0.8718167560674936,1.301820849176131,-0.4273714092206894,0.9662275720234748,-0.024762759793987024,-1.0257242175063839,0.14100344179330723
409,0.42556612729550486,0.2632340609092859,-1.451869105374516,0.5556148572019741,-0.39680702987942706,0.06387104438043067,-1.4341550188247945,-0.07377916963089914,0.9571674716924387,-0.5592530421009054
410,0.765290855748943,0.41303936897124605,-0.2829103505000743,0.4803343651162234,-0.6352852343711607,0.19717459963338313,-0.3049003844892839,-0.08035297682976697,0.4555451894710575,1.5506378525017817
411,-2.8507108250539908,-1.5619541309582208,-0.6023405223496918,-1.7050266228750814,-0.5582589442383756,-1.7469873046344164,-0.5804795217283835,-1.4486400158785664,-1.5091356763370767,0.17575439169526996
412,3.5336780625988267,1.9979855483413318,1.0294016573462201,1.958385068706825,-0.20622429177407295,1.8576962759079048,1.0439864352284571,1.5591158880697655,1.539617613631724,0.11773352579896368
413,-2.410622190745957,-1.9323629882536826,-0.7446759109140315,-2.0644791372768676,-0.27347021978046326,-1.5492915822033975,-0.7740217753204902,-1.4640359117004431,-1.7228073893075133,-2.552437653232677
414,-0.5937595386242583,-0.6947671294620832,1.1264188432484166,-1.0811989911291202,0.13880384565433596,-0.643483327751132,1.1096978499544516,-0.010527982974471467,-1.2986105954836031,0.5905548592028299
415,3.4282255099089527,3.021322744197633,2.249840671009114,3.1985342366959655,0.47013751333775267,2.868766240585095,2.274662799628116,2.642133984546001,2.300102848030059,1.489775208180065
416,-1.113301839628644,-2.032246827695917,0.9089469157060555,-1.600913784208121,1.6650982334420894,-1.466900291650036,0.8708761271651839,-0.4652883832771504,-1.5951895807299952,0.7646371676058707
417,1.6058232561977146,0.4954380104405912,0.916923792849476,0.7425447760298676,1.3728006411289349,0.7155391617788445,0.883757950368022,0.8315760740448921,0.4760316385218964,-0.6814907374015308
418,0.9249672341318899,0.6442323077988985,0.24968530992678473,0.7703253002254586,-0.4959107218343576,0.43107728274391877,0.23836646882397272,0.2783930855677491,0.6429867370652563,2.414875124313925
419,0.26101031404100283,0.3852911423679548,-0.4202107335220346,0.6746044319166176,-0.25599278111084295,0.4369521389981439,-0.4161862427612458,0.35183326647048396,0.8640299639522735,-0.18026256691497997
420,3.5001531119335683,1.678817273263465,1.686307599128394,0.9796842710902829,1.0649837337122223,1.2085920132102694,1.628411221234067,1.6217852332087315,0.7395894812004384,-0.30634239688144493
421,-2.0189963658229617,-2.1464395642296754,-1.5955403995879698,-2.121124140503957,-1.0214337204149952,-1.8933435580913547,-1.5895328544033251,-2.155729738681962,-1.6586927446279072,-0.20075291057356032
422,-1.531104075237606,-1.498964404208474,1.108196284866176,-1.17280651265541,1.4986761136799194,-1.0631543512438162,1.0769580538547958,-0.23533722799637558,-1.41584545825021,0.8743081461122016
423,-0.6136344546681922,0.10687566585753827,1.9814646547542618,-0.35114965629050937,2.033012012419015,-0.46655333527180787,1.9567007498252482,0.7162269591307437,-1.0104769582982163,1.140951014752897
424,-0.42142643164166615,-0.02077026461639981,0.9346959604636138,0.464665250046702,-0.1380045830921613,0.10282583359805919,0.9101356525890638,0.6482494498448945,0.2115149797979123,2.1972218355063404
425,-0.18175673473448717,-0.4269325651594067,-0.4622410399083511,-0.5676614136790354,-0.6528909842664364,-0.5118359023343584,-0.44811466164384783,-0.7240056785344446,-0.4802124416410149,-0.3327831779447945
426,0.8502235866837209,0.8172893301775419,1.7979026370167528,0.8996699928357734,1.2560015995350766,0.8638352262816668,1.7702347761995034,1.2248267841087095,0.30259733906204295,2.4049932617511933
427,0.07305181144186713,0.4813766182497642,-0.032303253546398264,-0.06451937064488904,-0.19985599047175456,0.30429076917405307,-0.05905908202348538,0.03101887653173193,0.09035858977087212,-1.8940744270104561
428,1.2814155629774713,0.5250776119599878,-2.734815275652651,0.42865195277578705,-1.1811408402345378,0.09729791668260925,-2.694792081846774,-0.9838589410415173,1.5686420218578736,-1.442075260200911
429,1.141403935613101,0.613871891497993,-3.046117251940518,0.034520951485727674,-1.3558178999711759,-0.03287368527822762,-3.0157106918641823,-1.084002472168747,1.2607264445174353,-2.658840464679059
430,1.9072121847680559,2.687914182187507,2.1491029745606336,2.7947886971607696,-0.028575349378923587,2.0860526570118125,2.2102858642425813,2.6041171758974713,1.8719199397391006,3.5502505800655197
431,-1.888770284210658,-2.2568688885291857,-0.5006482773523516,-2.1647298068043113,-0.32758807938445544,-1.905980979929385,-0.5187044492693855,-1.6489765398113116,-1.7225679825093738,-0.4226812101915367
432,-0.019254479202410253,0.40126894384780387,0.9385801387321137,0.615759619299642,1.5927015629299186,0.4869365551124732,0.9209572897498424,1.1151324359768977,0.3662411444083191,-0.03707304491109044
433,1.3984848510460197,1.090337968761804,-0.2649735562364125,1.0318824201008001,-0.5647833641684019,0.6542615942662118,-0.24762914194551858,0.45420257466481573,1.1167482587299908,0.8575605827276813
434,-1.4580322968311494,-0.970209003403872,-0.11712075162153003,-0.8973867955341313,-0.4826297854262006,-0.8990481280040263,-0.12031786416705924,-0.7404453039765142,-0.9807994478925366,0.8241859336142359
435,-0.33571481063789027,0.19463547767889977,2.2120502722539155,-0.03863637463563234,2.1757811916104495,0.3734309712316904,2.254699757378315,0.8803485517369374,-0.662068743993638,1.1118363519426735
436,1.9638999106671726,1.9548682314264376,-0.18442767103269053,1.9279106709801925,-0.2816030055696665,1.6878686827498466,-0.18308181368667154,1.1899929923216177,2.0499221527871874,-1.6086010759932172
437,-1.5092272816769672,-1.8543044640603124,-0.17665659795706062,-1.5607891763286226,-0.3617576708227713,-1.4418005150878512,-0.18819577777978772,-0.9969894733540917,-1.4392198588613585,-0.23057945672652863
438,-1.9742163318995698,-2.1720386998656247,-2.940984608626655,-2.2539999328552875,-1.200983362913338,-2.114732186621615,-2.9358077820369735,-2.7904519541920694,-1.5172983062186889,-1.5958475757665078
439,-0.38772815011422235,-0.32407219008000465,-1.3440644334115281,-0.2922355958347411,-0.8750243541862552,-0.3120736983610642,-1.3095178908399367,-0.9810033322018417,0.09623633468219642,0.3027539432400087
440,-0.011149685857221737,-0.198303130730813,0.4543985517259742,-0.2771803237201427,-0.08638279263862148,-0.35332638596687915,0.42474374095059064,0.09817079465031531,-0.5218786015732644,-0.6121106376614949
441,-2.9031431635312064,-1.8731544902916695,-3.3915166075376044,-1.980027005024774,-1.2222363345077754,-1.5768373482500055,-3.357978592881829,-2.5752430635866492,-0.6971559786480954,-3.1358850586758353
442,1.8357528310495734,1.3806259150493885,2.195522335405012,1.3398996725507222,1.5975498195760327,1.3864933905383205,2.197710515372692,1.5267387950721232,0.4727960167868829,2.5847609702433285
443,0.5817663269509286,0.8552120324354979,-0.2988674496869859,1.090012263937728,-0.8423413521077397,0.43603052040468915,-0.2847336142890575,0.21888629920416505,1.0056420815877587,2.5374090530929445
444,-0.07460622824122272,-0.03440660030273429,1.0456092110980792,-0.3120500436814869,0.2774296551260494,-0.1619836691112463,1.0220484508010863,0.5044232584367401,-0.4666141280702356,-1.254901332837586
445,0.541139200235549,0.8628024211030527,0.6831586231125109,0.28565752947294304,-0.07172810752675807,0.7799606950361773,0.688235217853965,0.5412556949700673,0.22751242627639107,-1.5550465651840737
446,0.7625411388063443,-0.4606711204171415,0.744878782545829,-0.5608582957297454,-0.1789493231984635,-0.4060180262707387,0.7165606781187588,-0.1820315999360153,-0.7483154744254092,1.2594161675362148
447,1.3755865233968712,0.9874921914576464,1.7470616443960978,0.7378463913794293,1.2642297162652387,0.5149778321573484,1.730385571369899,1.3716460163416322,-0.03171174965325001,-0.29688417136458806
448,1.6204538009797438,1.2871142687072346,1.0787680378825097,1.840644652254758,1.3698611068144628,1.4839279117343247,1.0525987084175956,1.8221109163137066,1.590770253576777,1.1966303215808844
449,1.7430181703047525,1.1515700272216178,1.6708339789109163,1.4153429431056443,1.2545135706429276,1.0615423113700944,1.6376987764917739,1.5368829563704098,0.8087965961239634,1.9215977869102403
450,0.21531336231906073,-0.048424220020446634,0.3281159302577005,0.2441442306889492,-0.3462319593842838,0.0008321371682851793,0.30068923702065853,0.11338014320319817,0.052933574899429355,1.974080115695501
451,-2.049809684644487,-1.6170926937793146,-0.9052213635355381,-1.752208708669898,-0.43397019828156297,-1.3654952309249453,-0.9166440631151027,-1.4280236075381323,-1.5613000970785493,-2.16406800883627
452,0.505479943073315,0.029856661785799342,-1.3931939916116478,0.03685204730775455,-0.5934089885418246,-0.04314894043762966,-1.3835652108206964,-0.4458711528871131,0.6859776509411073,-1.4552193852878321
453,2.408684178383991,2.160218654659255,1.0498731914644868,2.339962137023817,-0.15560907281287026,1.9592569470295589,1.048020527708374,1.7695371589486806,2.0569277345462647,1.2921698765073142
454,2.316634177701015,1.2998810646242493,0.3666283001091084,1.419685751120622,0.17618705172702484,1.3958689263304898,0.35871098448316824,1.4125705797687957,1.6357006324103736,-1.407395127140828
455,-3.304685027660075,-2.971239262365278,-3.0547114443557684,-3.081852026040325,-1.0079010825411316,-2.7304706774441656,-3.0460315076120006,-3.204179607497645,-2.3527421012554672,-2.3943004693995453
456,3.0866912350494218,1.838491205421186,1.43964379937644,1.992586021559748,-0.02939857182195562,1.5635894161034076,1.4216828693819399,1.4791487989811314,1.3274853264097828,3.076557044408119
457,-0.4184796682525925,-0.7255152378360994,1.5347171581416403,-0.7395679943476157,1.2959015984639377,-0.5283887377904437,1.5022606241572065,0.0822001960162094,-1.1781511390858719,0.9473992725182492
458,-0.7700550154314308,-0.07854918424799893,0.6803980749295355,0.05050151327992015,-0.25593789121851906,-0.18042312464986104,0.6794054814212396,0.09402033086526551,-0.37387413446104156,1.5406359491591808
459,-0.701977239568035,-0.7034442972346813,-1.0246437368435215,-0.611108915469409,-0.6117594437569607,-0.6584750806469337,-1.0221540483412372,-0.826684758151059,-0.22402590564064576,-0.031848708842351824
460,-0.6212662015887831,0.21890988484984197,1.847761515803784,0.1242806237343297,1.3671083240081348,-0.030073319763854023,1.8411017033852404,0.888495235397245,-0.30204440012712275,1.663413479009536
461,1.5181849221797892,1.0684374580129001,0.6664825094956381,1.2929711823277277,-0.26463679204259655,0.983905486456238,0.6595851630598356,0.9258013329513248,1.0107947197442537,2.4211501417431114
462,-2.1565180524052603,-0.9906410084489692,-2.8777823078404223,-1.0219225438453003,-0.9912704181807276,-0.887979337718267,-2.8568768729388827,-1.602941486687238,-0.028592685966231542,-1.955197628742793
463,-2.204078111554221,-1.806616628902126,0.7250481624897265,-1.2997954442949502,1.6205136151947999,-1.2483386881553908,0.7041439899769126,-0.3507510100429964,-1.4908978287744648,0.633722202157189
464,0.8324584863861682,-1.5433385593467728,-1.1809257359450864,-1.6400497065260657,-0.25119888935546875,-1.0945166577496082,-1.199996582677814,-1.2098783788310454,-0.8745948695755572,-2.5953357143783435
465,1.6069493502976018,0.8443152412845847,0.5649175931899008,1.081142222711591,-0.3826728517064636,0.7744238034712648,0.5351710579268271,0.8377146176314676,0.8428414135997957,2.7044143985615032
466,0.9215764096674324,0.9749014301301393,2.180341453675146,0.9126254912842806,1.721105269472804,0.8030618315553226,2.1891539036038568,1.26705525887232,0.19649558810184517,2.1878342487640383
467,0.08506472630707758,0.38747990784840725,1.602919731779514,-0.10033557422543674,0.21232609772205766,0.04497335414496584,1.5976345041628797,0.754074743711806,-0.7741015341729423,0.7091154601780081
468,-2.6835153504087117,-2.670953679261932,-2.7725087573557077,-2.8389311588751416,-1.251422708595975,-2.6204448289100126,-2.7315113232966235,-2.937848371349023,-2.1467357888238423,-0.5256598013500817
469,0.49614869543739404,0.5100920576012489,0.5817208734969731,0.40816485222498955,-0.08327910274799499,0.6899138224963295,0.5569344720343117,0.6480471432509838,0.2671609935932364,-1.3447746831004872
470,-1.7089613657649059,-0.7461604279099591,-2.2174289002777225,-0.688436006395442,-0.8902783289891614,-0.5273028926716631,-2.2050976207500437,-1.207380067923522,0.21713941399891454,-2.635043887091481
471,1.1555497321464703,0.42205467308280264,-1.3911128298528026,0.5533048361236609,-0.5916452571088753,0.35937751250501776,-1.3768685077584792,-0.2529369415399214,1.2466764503941126,-0.881772040860873
472,1.500047710450409,1.2370435217137348,0.4402802525230853,1.17765709159019,-0.5739785217073747,0.9427885216559807,0.4445845768843789,0.7016468710873199,1.1553701160120233,2.5791478951028246
473,1.0741883452353962,0.17243122333095745,-2.7982597946988275,-0.16445663816131764,-1.1836630977290201,-0.07987048682815923,-2.7602215863698474,-1.3712096837735248,0.9140932645132729,-2.078555180278113
474,0.18969791599659513,0.6541533818173115,0.831735096624366,0.059390196381124985,-0.0646757137880537,0.33048518704582386,0.8269263047630976,0.5098530514580422,-0.18197168416287496,-1.6413635054268696
475,-0.951942183808629,-0.3245482864355778,0.05713103050787,-0.4358908126825861,-0.10433596921215024,-0.18813717264762664,0.050704009316358704,-0.05434921582124862,-0.5270430936743193,-1.6240560874532846
476,-1.6802579188819444,-0.6931634642978739,-3.1470661463170595,-0.7731225810205331,-1.2713879365107585,-0.7677801608509578,-3.0809880079528105,-1.751067910190413,0.4836263206853949,-2.1312138933055857
477,-2.136527305436916,-1.7309549266157198,-0.28959702949121097,-1.5683911865845972,-0.025826123271901813,-1.3215755092616197,-0.3129906865604267,-0.7745497635817522,-1.576691841777106,-1.6827217578227427
478,0.7165726406275272,-0.0421045908249414,0.02925346626894125,-0.06262371436339507,-0.4015127360304105,-0.02326857592881014,0.01502208719136807,-0.20736137262870588,0.007514533927237749,1.8480000508068544
479,-2.8182265219118037,-1.2625154571477726,-2.761716858868586,-1.4084833443195899,-1.2422765566253309,-0.9533447555867466,-2.757656291258253,-2.0364283880915055,-0.5792326961458234,-2.0409570611459533
480,-2.1832179042685915,-2.6324130998984865,-2.6120316170753486,-2.770020815343534,-1.1128511716553484,-2.4926169517726633,-2.5927536409193124,-3.0468614414799555,-2.220006391272315,-0.43524575410680383
481,1.337896587783841,1.9664896178109554,1.9731042603104432,1.3379431104341553,1.5443926040129645,1.612533808103276,1.9929548528965744,1.9759967990739398,1.1711370430175807,-0.1762299990986499
482,-1.753153166775669,-1.9172604838216367,0.7474221979769125,-1.4178811570420984,1.604344213909372,-1.606824692087391,0.713341641775786,-0.5722208594497218,-1.6942899845384098,0.6736832032143738
483,1.461376967619307,0.822551027513279,-0.5937729388849412,0.8624675447408807,-0.5845907032106783,0.50385771169025,-0.5802278532506214,0.20246383418852087,0.9411656234412948,0.6082461633374492
484,1.3152737004185804,1.6372577075150028,0.6501105439765142,1.4110208028986766,-0.16809975345132633,1.3477578102257564,0.6493772981583235,1.2436863413810118,1.176615299509273,-0.0037702447252611713
485,-0.8464116998880884,-1.8022205413304735,-1.1089344291203749,-1.73538331099784,-0.22113766009870037,-1.266929098044336,-1.0969586547733592,-1.3412576595749592,-1.1286497880770265,-2.3104463577444774
486,1.72846614212854,2.5247024491066687,0.8859712811926579,2.3554343128114548,-0.06490056348698972,2.2443721275688624,0.9119748324336246,1.7836161398582697,2.123343001677596,-0.8466329281141837
487,0.6315636181634576,0.17810482477913064,0.007634374867511784,0.7822583235696613,-0.07603518723149838,0.3436464123626684,-0.007758969709912737,0.44498572254549185,0.5706897481612183,-0.2627908466163208
488,-1.7437986459450574,-2.595341422973363,-0.9438923303799531,-2.46570552922534,-0.18445375173802556,-1.8627002730077513,-0.9600287229180069,-1.6097577893194797,-1.9025849161191064,-2.057786642635683
489,-1.5595140757062793,-0.7183009788256001,-0.11808529322587552,-1.0379095791257371,-0.18577948756727503,-0.6671740848967126,-0.11985717858608336,-0.5117937676332267,-1.0595922488221539,-1.6017165458324074
490,0.37404846757913424,0.2587658519065638,1.2676420400210087,-0.25565667554750904,-0.006812066311693787,-0.01417390667578021,1.2391357159729255,0.5508823657186335,-0.7452957852557442,-1.1991744337073267
491,2.5408704199206875,1.9076464895575211,0.9078762507489505,2.2267255973091418,-0.31184396715032475,1.5912553053622092,0.909436828601093,1.504479573548612,1.7291569363798174,2.5915123154090987
492,-0.058375952996858965,-0.3176435558069657,1.52851232678438,-0.4311573498797411,1.3353243762730278,-0.18659928867990136,1.4945254347772479,0.4250850217214782,-0.6668496221755273,1.4276678750761058
493,0.24022160355578576,-0.8715034377574591,-0.5548264638787765,-0.693910286410955,-0.10065800505385622,-0.510189700715065,-0.5609293266555017,-0.3436911329047367,-0.352371481681502,-1.370758792904088
494,1.412177141990592,1.2119801269441717,0.317778862192922,1.1851666722985472,-0.3862148900997844,0.8843892465794703,0.3161198220920086,0.6508072778196943,0.9271947212105804,0.3151386873419385
495,0.3713278074048887,-0.011856629746433908,2.113115229342729,-0.1319327931478767,1.9416126358063963,-0.16463533545533626,2.101752351737648,0.41723325246220433,-1.0911191006211882,1.2627315531523235
496,0.17838830579124604,-0.7113845113251673,0.8817056408330366,-0.66876601886104,0.3804764883349466,-0.41928245495096883,0.8687417544085497,0.055199313643721645,-0.8435752601867322,0.31294412289856033
497,-3.8371730475714942,-2.7254923728360767,-3.02666853173568,-2.529374999598007,-1.0450418886474102,-2.1378046904209813,-3.022042251276681,-2.958683571554526,-1.8445098208860644,-2.9480854333086315
498,3.1130514135025225,1.4388886093230486,0.9655221583118395,1.9868567448203134,0.4928393909798581,1.526229674087887,0.9345847320266849,1.4881515623223498,1.5412954774515115,0.24781841697698415
499,-0.19124929138576993,1.1553549371023955,1.7428842418905952,1.009202192277417,0.08313778520859028,0.7680419475876653,1.7675379035866112,1.296402023351212,0.19053820463507737,1.3669050302953234
500,-1.5919378302258997,-2.6521429639229153,-2.8577338000992345,-2.7076973914629523,-1.0963086039612353,-2.456632757644092,-2.8569154894060294,-3.0392103594027495,-2.1898822065766916,-0.4330935143315226
